InstanceType,Duration,PaymentOption,ReservedInstanceOfferingId,FixedPrice
c4.2xlarge.search,31536000,ALL_UPFRONT,14931308-9159-48a0-91e0-2c2bed8d8643,4231.0
c4.2xlarge.search,31536000,PARTIAL_UPFRONT,2a246c9e-8bcf-452e-be3c-d50fb9c86d2f,2180.0
c4.2xlarge.search,94608000,ALL_UPFRONT,38f615ec-e017-46a8-a055-3821c982dac1,9372.0
c4.2xlarge.search,94608000,NO_UPFRONT,3b9ad24d-130f-445d-b245-7b45ca2f12a2,0.0
c4.2xlarge.search,94608000,PARTIAL_UPFRONT,d4c0c23e-204e-4551-8dc3-b5d34728f686,4882.0
c4.2xlarge.search,31536000,NO_UPFRONT,e6aeb5a4-ace6-42eb-9a83-d0829e258413,0.0
c4.4xlarge.search,31536000,ALL_UPFRONT,200f997a-767b-4c0c-80e0-c68f2657c250,8467.0
c4.4xlarge.search,94608000,PARTIAL_UPFRONT,3c7b2936-fd15-4b77-be90-b37f7cad16c9,9770.0
c4.4xlarge.search,31536000,NO_UPFRONT,7ea4f9ff-ad39-4691-a135-20e94746c5a1,0.0
c4.4xlarge.search,94608000,ALL_UPFRONT,81df80a4-d25f-4837-a4e8-87a9be129d35,18758.0
c4.4xlarge.search,94608000,NO_UPFRONT,9a6dcb15-aa1b-4e86-89fd-85ae61721c77,0.0
c4.4xlarge.search,31536000,PARTIAL_UPFRONT,d0d3cb3c-7bae-4049-bbf4-888d9a257558,4364.0
c4.8xlarge.search,31536000,NO_UPFRONT,22339c53-4ce9-4fd5-83bd-8d3cbdddbde3,0.0
c4.8xlarge.search,31536000,PARTIAL_UPFRONT,3532e720-b48c-4be3-90c1-65ff2eca37a9,8728.0
c4.8xlarge.search,94608000,ALL_UPFRONT,465013a6-c13c-41e9-aade-2f7556a6634d,37515.0
c4.8xlarge.search,94608000,PARTIAL_UPFRONT,63b9d4cc-6d4b-4825-b0fe-c76440e43b90,19539.0
c4.8xlarge.search,31536000,ALL_UPFRONT,855cbd0a-7f88-4b9c-9daf-a4102c925dd1,16934.0
c4.8xlarge.search,94608000,NO_UPFRONT,eeced3ce-79be-4db4-8070-4e4a9948926a,0.0
c4.large.search,94608000,PARTIAL_UPFRONT,05ebd346-2d65-4f43-86db-46cc03f67d70,1222.0
c4.large.search,31536000,PARTIAL_UPFRONT,06d20510-b8a9-4da9-8d74-8e8517a55d2c,546.0
c4.large.search,94608000,ALL_UPFRONT,52e9ebdc-51e1-4de3-aade-0336d9b7d90d,2346.0
c4.large.search,31536000,NO_UPFRONT,5cd283f4-2285-4312-8d76-ff65e21b1113,0.0
c4.large.search,31536000,ALL_UPFRONT,d96c2947-393f-4d28-98bb-500739daab0f,1059.0
c4.large.search,94608000,NO_UPFRONT,f7202426-bcee-4fad-ac66-f79a4a4c171f,0.0
c4.xlarge.search,31536000,NO_UPFRONT,11541cf3-04e6-4210-acdd-777c4b6b0226,0.0
c4.xlarge.search,31536000,PARTIAL_UPFRONT,30543d06-a806-4382-89f0-572877652aa0,1092.0
c4.xlarge.search,94608000,NO_UPFRONT,376c3f72-38c6-40e9-a9cc-7b75467e13c5,0.0
c4.xlarge.search,94608000,ALL_UPFRONT,6c42516c-459a-4177-a642-69211900aad9,4693.0
c4.xlarge.search,94608000,PARTIAL_UPFRONT,aa6e348f-cf5e-4669-8c51-739ec534bf77,2444.0
c4.xlarge.search,31536000,ALL_UPFRONT,ee36582c-dae1-4f66-8226-62b6bf33913f,2118.0
c5.18xlarge.search,31536000,ALL_UPFRONT,6c00ee7b-5e69-4813-8646-3180f890a100,32353.0
c5.18xlarge.search,94608000,PARTIAL_UPFRONT,86eddb29-1fb8-4a12-858a-93b1cbc9ff37,37331.0
c5.18xlarge.search,94608000,NO_UPFRONT,97091d04-71e6-4cde-bced-de88afb9e1fd,0.0
c5.18xlarge.search,31536000,PARTIAL_UPFRONT,cd0f06a0-172d-44f4-9b2c-cbf4c6d95583,16674.0
c5.18xlarge.search,31536000,NO_UPFRONT,f25cd564-259a-4056-91c8-e8cdd30b5062,0.0
c5.18xlarge.search,94608000,ALL_UPFRONT,f5eb7bca-8fbc-4baf-9661-50eb892338bb,71675.0
c5.2xlarge.search,31536000,NO_UPFRONT,1692199c-68c0-4b37-8efd-0c60eb5e5fc4,0.0
c5.2xlarge.search,94608000,ALL_UPFRONT,5cf9cad8-fb11-41fe-a361-b74637cee521,7960.0
c5.2xlarge.search,31536000,PARTIAL_UPFRONT,5db6028a-f86e-405b-8edf-9968534b17ca,1852.0
c5.2xlarge.search,31536000,ALL_UPFRONT,76fa7c96-39f8-49ff-b894-f86d903c445d,3593.0
c5.2xlarge.search,94608000,PARTIAL_UPFRONT,9d9f2979-9dd0-44d2-9812-85f7076a529d,4146.0
c5.2xlarge.search,94608000,NO_UPFRONT,f044977c-6f4f-4f53-8ba9-046eed46c385,0.0
c5.4xlarge.search,31536000,NO_UPFRONT,479ff68e-6645-403c-9fd9-ddf31f091656,0.0
c5.4xlarge.search,94608000,ALL_UPFRONT,67d18ff1-c399-4a6e-91d9-a4fde9061564,15932.0
c5.4xlarge.search,94608000,PARTIAL_UPFRONT,7a31a382-04c1-40f5-8147-007761baab6a,8298.0
c5.4xlarge.search,31536000,ALL_UPFRONT,a7948e8b-3498-4cd8-a297-1565dda7baad,7192.0
c5.4xlarge.search,94608000,NO_UPFRONT,d16e8323-aee5-4108-a5d5-9fc50c48bde6,0.0
c5.4xlarge.search,31536000,PARTIAL_UPFRONT,d82d239c-b43a-4394-b097-fcb4dec2701d,3706.0
c5.9xlarge.search,94608000,PARTIAL_UPFRONT,25fc763c-83f9-4677-9a3a-9cc781af7c86,18665.0
c5.9xlarge.search,94608000,NO_UPFRONT,29164f67-08ac-4bc4-93a0-3752be2451cb,0.0
c5.9xlarge.search,31536000,ALL_UPFRONT,4127216a-777a-44ee-bc5d-2aeb8ceeded2,16177.0
c5.9xlarge.search,31536000,NO_UPFRONT,66eec5d3-08af-499b-b77d-798baf2c95a3,0.0
c5.9xlarge.search,31536000,PARTIAL_UPFRONT,97366f40-86c3-4735-88ae-b74c68a21f87,8337.0
c5.9xlarge.search,94608000,ALL_UPFRONT,c29c47ca-d449-4e3a-a6b8-3df72bc5a72b,35838.0
c5.large.search,94608000,ALL_UPFRONT,3c11b889-70d5-4558-9a37-ca4c869c0cb5,1993.0
c5.large.search,31536000,ALL_UPFRONT,6b7eb625-9287-4b90-a13a-efb0799c5c8b,900.0
c5.large.search,31536000,PARTIAL_UPFRONT,9bd73274-a87a-4e81-86c3-c76286e8b18d,464.0
c5.large.search,94608000,NO_UPFRONT,afc0c4c5-d567-4a2b-9614-afe9774abf54,0.0
c5.large.search,94608000,PARTIAL_UPFRONT,d9072e68-78ab-4ba7-95bf-38e23fc12313,1038.0
c5.large.search,31536000,NO_UPFRONT,e5a9a374-d77f-436d-b8e5-be91f63cb6e6,0.0
c5.xlarge.search,94608000,PARTIAL_UPFRONT,19ec6527-9ec8-4534-a97d-6ea4b7452f00,2076.0
c5.xlarge.search,94608000,NO_UPFRONT,32533ad6-fe6c-4465-a5ed-bceac609c752,0.0
c5.xlarge.search,31536000,ALL_UPFRONT,84b2ad2b-4db9-40f8-bc01-5ee8ca8bb518,1799.0
c5.xlarge.search,94608000,ALL_UPFRONT,98bd63de-198f-45b3-a279-2a278c922327,3986.0
c5.xlarge.search,31536000,PARTIAL_UPFRONT,9f56b719-f937-48cf-b861-98c9a8b97187,927.0
c5.xlarge.search,31536000,NO_UPFRONT,d5175b47-e0d8-45f9-b961-88c07c984bfe,0.0
c6g.12xlarge.search,31536000,PARTIAL_UPFRONT,0f7498e8-e398-4c1c-bd0c-369b4198b2a5,10006.986
c6g.12xlarge.search,31536000,ALL_UPFRONT,29497edb-7b7f-41c4-aa9b-e7269ae17a4c,19416.54
c6g.12xlarge.search,94608000,NO_UPFRONT,b7f28dac-4992-4769-9418-02ff99d32f87,0.0
c6g.12xlarge.search,31536000,NO_UPFRONT,bc897866-f580-40d8-b5c3-c4992f9255c6,0.0
c6g.12xlarge.search,94608000,PARTIAL_UPFRONT,e3f1cc26-0a3a-4ca1-bbf7-b2c2fd667863,22403.7
c6g.12xlarge.search,94608000,ALL_UPFRONT,ff6aad60-c452-4b81-a684-713a2fa199e0,43015.104
c6g.2xlarge.search,31536000,ALL_UPFRONT,685dc9b0-d1ae-4968-8a31-c599ed4ed3d7,3234.192
c6g.2xlarge.search,31536000,NO_UPFRONT,6e9aec78-6e56-4b77-abc3-0c946182c210,0.0
c6g.2xlarge.search,31536000,PARTIAL_UPFRONT,78da8c27-5e1f-4c1a-bc09-a7b4144e5ed3,1666.853
c6g.2xlarge.search,94608000,PARTIAL_UPFRONT,a8302f6b-b6e3-4fcd-9882-38f2c83a5750,3731.76
c6g.2xlarge.search,94608000,ALL_UPFRONT,c64d9500-1498-44bf-a45f-b4cab6a9f8fa,7164.979
c6g.2xlarge.search,94608000,NO_UPFRONT,f4ee259f-ef32-423a-8cb2-075ce6369137,0.0
c6g.4xlarge.search,94608000,ALL_UPFRONT,0eebd8a5-24fe-4c0c-87c4-8580e62c8109,14342.573
c6g.4xlarge.search,31536000,ALL_UPFRONT,0f48f030-0deb-417d-8f02-5d0c7b77e34a,6474.078
c6g.4xlarge.search,94608000,PARTIAL_UPFRONT,51867b15-a99b-4d6c-9f1c-ecd116fb7cf3,7470.09
c6g.4xlarge.search,31536000,PARTIAL_UPFRONT,7caff268-ec77-487b-ab5b-83455d55936c,3336.64
c6g.4xlarge.search,31536000,NO_UPFRONT,997c4b3c-88cf-4baa-ba0b-064c374b2cd0,0.0
c6g.4xlarge.search,94608000,NO_UPFRONT,dcd0f10d-14b3-4d60-806d-3e323f179a56,0.0
c6g.8xlarge.search,94608000,PARTIAL_UPFRONT,01849fb3-0d36-4539-8688-02c894f5c055,14940.18
c6g.8xlarge.search,31536000,NO_UPFRONT,4e632e0a-43e9-46bd-9e2b-0c26cb20b281,0.0
c6g.8xlarge.search,94608000,NO_UPFRONT,a83c34d2-610d-46b3-8e95-f3ce69e20a7e,0.0
c6g.8xlarge.search,31536000,PARTIAL_UPFRONT,abf52782-91ac-41c9-a7aa-fc811e1b3b9c,6673.28
c6g.8xlarge.search,31536000,ALL_UPFRONT,d14390d4-a0bb-44ab-bbf6-3651e51b7967,12948.156
c6g.8xlarge.search,94608000,ALL_UPFRONT,dc91df3f-5335-4bbb-916c-4c79cb0bda01,28685.146
c6g.large.search,94608000,ALL_UPFRONT,3a267000-431d-4e1e-9fab-9ffbd899a3ec,1791.245
c6g.large.search,31536000,ALL_UPFRONT,4aee527c-bd26-46ce-87cf-032c06849827,808.548
c6g.large.search,31536000,PARTIAL_UPFRONT,61c502f0-078f-4304-9f06-43909e9533f5,416.713
c6g.large.search,94608000,PARTIAL_UPFRONT,68869a58-c09c-4005-b3a3-025e3abc0caf,932.94
c6g.large.search,31536000,NO_UPFRONT,7b9900f2-403a-4759-a95a-27062a2edb85,0.0
c6g.large.search,94608000,NO_UPFRONT,9065708c-bb14-4872-9f22-f70500133353,0.0
c6g.xlarge.search,94608000,NO_UPFRONT,08441cd1-e424-4502-b8a1-f86622631589,0.0
c6g.xlarge.search,31536000,NO_UPFRONT,16165684-28d4-4343-a1cc-39608ed373b0,0.0
c6g.xlarge.search,94608000,PARTIAL_UPFRONT,6b4f971f-6d19-4be1-8c4d-3a209566090d,1865.88
c6g.xlarge.search,31536000,PARTIAL_UPFRONT,97e95dbf-305c-4ac2-8f02-50c941830506,833.426
c6g.xlarge.search,31536000,ALL_UPFRONT,a9f96ace-aeae-40b7-8639-7e342bbb386e,1617.096
c6g.xlarge.search,94608000,ALL_UPFRONT,b47e0250-66b8-4843-a4de-b0830497e0bc,3582.49
c7g.12xlarge.search,94608000,NO_UPFRONT,4ec3b7d0-2eb3-46d6-abf0-9b9f8d5c8fd8,0.0
c7g.12xlarge.search,31536000,ALL_UPFRONT,862969d5-7d25-4a74-9df4-a7b3f8bd3068,20635.0
c7g.12xlarge.search,31536000,PARTIAL_UPFRONT,b3a31d2c-8e15-4315-9462-8b27a75d6b5c,10635.0
c7g.12xlarge.search,94608000,ALL_UPFRONT,b6a82799-97ba-43ea-8c3f-0a793a1e6fc9,45715.0
c7g.12xlarge.search,31536000,NO_UPFRONT,c239b40b-111a-4d92-9592-b83d58000269,0.0
c7g.12xlarge.search,94608000,PARTIAL_UPFRONT,f37d1322-d042-4956-b647-775dee0bc1f2,23810.0
c7g.16xlarge.search,94608000,ALL_UPFRONT,27cea45b-881e-426a-a7c5-15309d7db84f,60953.0
c7g.16xlarge.search,31536000,PARTIAL_UPFRONT,570ccb0e-bbc1-4209-abc2-ca40375a783b,14180.0
c7g.16xlarge.search,94608000,NO_UPFRONT,7c6eda0c-b687-4027-971a-b62c31be1405,0.0
c7g.16xlarge.search,31536000,ALL_UPFRONT,8a7aef86-7f87-4e9b-a345-1842f748b0c5,27513.0
c7g.16xlarge.search,94608000,PARTIAL_UPFRONT,ca87505c-1639-4479-8b44-35564a5fb548,31746.0
c7g.16xlarge.search,31536000,NO_UPFRONT,ecdc926a-31ed-4307-a04c-903a58fe1fc1,0.0
c7g.2xlarge.search,31536000,NO_UPFRONT,085eec88-f074-4c35-9ed5-b4d58d06baf4,0.0
c7g.2xlarge.search,94608000,NO_UPFRONT,1a5743f9-a1b4-4565-b2c4-a66040bc0ddc,0.0
c7g.2xlarge.search,31536000,PARTIAL_UPFRONT,1bbedb73-7b12-4cdb-80dd-08b4f5d1255b,1772.0
c7g.2xlarge.search,94608000,PARTIAL_UPFRONT,33025b30-9303-47f5-8a86-080e0981587a,3968.0
c7g.2xlarge.search,94608000,ALL_UPFRONT,af0c879f-bad8-4807-b3e9-d0b52b640790,7619.0
c7g.2xlarge.search,31536000,ALL_UPFRONT,d80b1fc7-27b1-4fc6-9451-002d1767f544,3439.0
c7g.4xlarge.search,31536000,NO_UPFRONT,188d597c-59a5-49d5-b8f7-3cdd54f91768,0.0
c7g.4xlarge.search,94608000,PARTIAL_UPFRONT,1cc6aeab-b88d-4729-9f78-1d32018a9d02,7937.0
c7g.4xlarge.search,94608000,NO_UPFRONT,2db44b4f-8563-4227-ab31-8a582174b895,0.0
c7g.4xlarge.search,31536000,PARTIAL_UPFRONT,33bce66a-a86c-40fa-b8b2-a9d468d70219,3545.0
c7g.4xlarge.search,94608000,ALL_UPFRONT,3d193500-ea32-4724-a694-af96e1edc3c3,15238.0
c7g.4xlarge.search,31536000,ALL_UPFRONT,5a3e216d-e6bb-4868-a985-53dd2e103a52,6878.0
c7g.8xlarge.search,94608000,NO_UPFRONT,0e93a549-a224-436b-b703-5e67146e51de,0.0
c7g.8xlarge.search,31536000,NO_UPFRONT,154810ee-26fa-405a-853b-4fab26294bfb,0.0
c7g.8xlarge.search,94608000,ALL_UPFRONT,3ba482f8-1fb8-403a-b3d5-1b2ca2b6077d,30476.0
c7g.8xlarge.search,31536000,ALL_UPFRONT,7b52708b-9570-494f-9131-51acddda363c,13757.0
c7g.8xlarge.search,31536000,PARTIAL_UPFRONT,9c1c9e79-4336-41b4-bbd8-b202997d5b60,7090.0
c7g.8xlarge.search,94608000,PARTIAL_UPFRONT,f8daee57-e4dd-40ab-9fe7-96c5ac79835e,15873.0
c7g.large.search,94608000,PARTIAL_UPFRONT,02ed8b56-39f3-4f46-9852-f3b8dd77d26c,992.0
c7g.large.search,94608000,NO_UPFRONT,081af31c-2d63-4023-98b6-ce29436f4388,0.0
c7g.large.search,31536000,ALL_UPFRONT,36bc50f7-164d-479b-9e5f-5e3c9fb0a004,860.0
c7g.large.search,31536000,NO_UPFRONT,b4aec8c8-4cac-4189-b8a3-31090c24d311,0.0
c7g.large.search,94608000,ALL_UPFRONT,d4dcbe99-2aed-4c31-ac34-ca6bcd1a9530,1905.0
c7g.large.search,31536000,PARTIAL_UPFRONT,ddd19f41-3ab7-4ce0-a076-d8934b37027a,443.0
c7g.xlarge.search,31536000,PARTIAL_UPFRONT,0753d166-7ff7-40ac-bc17-2e536005fa78,886.0
c7g.xlarge.search,31536000,NO_UPFRONT,1649bef0-5b3a-4e7f-9e2b-ade5d5950bb3,0.0
c7g.xlarge.search,94608000,ALL_UPFRONT,26a56646-f9a9-44cc-a64b-5eb3e254fc81,3810.0
c7g.xlarge.search,94608000,NO_UPFRONT,98e82c6e-ab30-4bc1-b6a6-0360b5d9c87a,0.0
c7g.xlarge.search,31536000,ALL_UPFRONT,d21d0932-b501-45d8-a5b3-d8cfbb5a32bd,1720.0
c7g.xlarge.search,94608000,PARTIAL_UPFRONT,e2f11efa-a46f-4748-8e4e-c81a2811e2df,1984.0
c7i.12xlarge.search,94608000,PARTIAL_UPFRONT,3dd9dbc4-d7c4-42cc-90e8-91a5cb8a2ceb,28345.608
c7i.12xlarge.search,31536000,ALL_UPFRONT,b91945e4-8e46-46c8-a0ac-a0547f67714b,24565.055
c7i.12xlarge.search,94608000,ALL_UPFRONT,cfb1bb4b-519d-498a-ba82-5b38e961d0e3,54421.045
c7i.12xlarge.search,31536000,NO_UPFRONT,d9db8d17-4bc2-4405-8897-a2bb32ac8165,0.0
c7i.12xlarge.search,31536000,PARTIAL_UPFRONT,e35684d0-808b-4ace-bc4a-552ff54aa14b,12660.828
c7i.12xlarge.search,94608000,NO_UPFRONT,ee430a64-326a-4bb3-995a-3bf9e52eaed4,0.0
c7i.16xlarge.search,94608000,NO_UPFRONT,74835b9d-c9a4-4a98-bde3-102997d29cc6,0.0
c7i.16xlarge.search,31536000,NO_UPFRONT,7acc78fb-6ca3-4620-a88a-74e6157f5a90,0.0
c7i.16xlarge.search,94608000,ALL_UPFRONT,874a10b5-27a9-49c5-97fb-44faaf596a38,72561.813
c7i.16xlarge.search,31536000,ALL_UPFRONT,d1b0e00c-9bf1-43b7-8aa7-ce81169b0f64,32753.596
c7i.16xlarge.search,31536000,PARTIAL_UPFRONT,dda9a329-638e-4956-96da-59835b73a078,16880.52
c7i.16xlarge.search,94608000,PARTIAL_UPFRONT,ee6ecd3a-edb3-4e88-b08f-230e15c273dd,37793.268
c7i.2xlarge.search,94608000,ALL_UPFRONT,3fb903a4-99f8-4d07-b920-f589d44a0a5a,9069.754
c7i.2xlarge.search,94608000,PARTIAL_UPFRONT,552d67cc-5fef-4fbd-9f71-9f282b49f8c5,4725.144
c7i.2xlarge.search,31536000,NO_UPFRONT,6d81be9f-2d3b-415a-b007-10b893830da7,0.0
c7i.2xlarge.search,31536000,PARTIAL_UPFRONT,70c898d5-9368-4b9c-a31c-a1657f6ca8f1,2110.284
c7i.2xlarge.search,94608000,NO_UPFRONT,eb52e404-d67f-471e-8e1a-f101bff20d65,0.0
c7i.2xlarge.search,31536000,ALL_UPFRONT,fa37ff9b-0fbd-4829-b5a2-aa80f8e548c2,4093.986
c7i.4xlarge.search,94608000,PARTIAL_UPFRONT,277b4dfa-53ca-4944-b008-38eb8c409b53,9447.66
c7i.4xlarge.search,94608000,ALL_UPFRONT,43f68a59-c874-492e-aa5d-abd069060ccd,18140.769
c7i.4xlarge.search,31536000,NO_UPFRONT,47690478-3e7f-4d8f-8af2-fd06bbdb9754,0.0
c7i.4xlarge.search,94608000,NO_UPFRONT,88103945-7dc5-4e0e-94b0-4cea1ab888f3,0.0
c7i.4xlarge.search,31536000,ALL_UPFRONT,ad493cf1-fe6b-465b-819c-940e77f1cc66,8188.541
c7i.4xlarge.search,31536000,PARTIAL_UPFRONT,e4c56e59-6f58-4380-8d5c-07febd0c98f6,4220.568
c7i.8xlarge.search,94608000,PARTIAL_UPFRONT,3599b93e-0637-4edf-9fa4-b7c4ad2898f6,18897.948
c7i.8xlarge.search,94608000,ALL_UPFRONT,8ccb4a4e-2256-41f2-8120-6a62a9a4a822,36281.537
c7i.8xlarge.search,31536000,PARTIAL_UPFRONT,a8a030ba-f56e-47d8-9c70-b7d5982971cb,8440.26
c7i.8xlarge.search,94608000,NO_UPFRONT,aba1e9d3-191c-46cc-9e6a-9da94bd44b58,0.0
c7i.8xlarge.search,31536000,NO_UPFRONT,c4d2810c-2404-4694-961d-54298f00032f,0.0
c7i.8xlarge.search,31536000,ALL_UPFRONT,de34dda8-3c0a-411f-9a97-af0723ce8bc7,16377.083
c7i.large.search,94608000,PARTIAL_UPFRONT,7831d687-a951-40fd-af9b-36fb8771d0ba,1182.6
c7i.large.search,94608000,ALL_UPFRONT,90dd852a-9962-49cc-bcda-36cf34fbb6c2,2268.069
c7i.large.search,94608000,NO_UPFRONT,b852bb4b-9998-4684-88dd-2ad8c0700ea1,0.0
c7i.large.search,31536000,PARTIAL_UPFRONT,e49deae8-463b-4aae-877a-e6614dee749f,527.352
c7i.large.search,31536000,ALL_UPFRONT,e91127df-b6a4-48ae-8823-1f293f214ed3,1023.781
c7i.large.search,31536000,NO_UPFRONT,fc3c4a74-126e-4e56-b35e-a7a33c8a732e,0.0
c7i.xlarge.search,94608000,NO_UPFRONT,6fb1edf3-9068-46b3-838b-130e370ac6d1,0.0
c7i.xlarge.search,94608000,ALL_UPFRONT,98b748b7-f0fa-439b-9deb-01f95a5dd631,4534.877
c7i.xlarge.search,31536000,ALL_UPFRONT,a90fe5d8-e5c2-41af-b480-2775449a322a,2046.993
c7i.xlarge.search,31536000,PARTIAL_UPFRONT,d2cbdd2a-1706-4ff5-9f8c-068f6eb2f2ea,1054.704
c7i.xlarge.search,94608000,PARTIAL_UPFRONT,ee8c8e63-b7ac-42eb-8640-6de6aa3b0166,2362.572
c7i.xlarge.search,31536000,NO_UPFRONT,f45cfea4-a41b-46f9-afe9-94cc4fd283c7,0.0
i3.16xlarge.search,94608000,ALL_UPFRONT,07915d24-d1ed-4644-a4b1-69da1fc3fdd0,118197.0
i3.16xlarge.search,94608000,PARTIAL_UPFRONT,3454d6e5-7f17-4011-a961-1b128abed91b,61561.0
i3.16xlarge.search,31536000,PARTIAL_UPFRONT,46f41e33-d3cd-4b15-bd32-1b18b389c2ba,27497.0
i3.16xlarge.search,94608000,NO_UPFRONT,70f1ffde-2db6-46b9-bb24-67994a04b9d8,0.0
i3.16xlarge.search,31536000,NO_UPFRONT,89f48b77-85d0-4664-89de-f72063a239d9,0.0
i3.16xlarge.search,31536000,ALL_UPFRONT,c7008b4d-cf47-44d3-b9eb-ab7fa6906cba,53353.0
i3.2xlarge.search,31536000,ALL_UPFRONT,327bc197-b8ab-42f4-a3b8-6a38abf4adb3,6668.0
i3.2xlarge.search,31536000,PARTIAL_UPFRONT,a9d6d6be-bdbb-460c-9fa0-0c3e4f4bfca1,3436.0
i3.2xlarge.search,94608000,ALL_UPFRONT,aa3faaad-cd61-479b-bed2-df8d7f806d76,14771.0
i3.2xlarge.search,31536000,NO_UPFRONT,b0f95dc3-2199-4e7e-ba3a-ad78dcdcf127,0.0
i3.2xlarge.search,94608000,PARTIAL_UPFRONT,db822e71-1a2d-4665-baa0-e9fd23018cfa,7693.0
i3.2xlarge.search,94608000,NO_UPFRONT,f49e917e-ef6d-41ed-b181-a877fb1e288a,0.0
i3.4xlarge.search,31536000,ALL_UPFRONT,3c10487b-d72f-4534-8958-f72ea44ca01c,13335.0
i3.4xlarge.search,94608000,NO_UPFRONT,526c332c-5648-411a-9908-7376e8d43ada,0.0
i3.4xlarge.search,94608000,PARTIAL_UPFRONT,5835becb-365f-46ee-9bcb-8be97917e548,15387.0
i3.4xlarge.search,94608000,ALL_UPFRONT,7add87e5-1211-41a8-a2c7-bb9848ab0fbe,29543.0
i3.4xlarge.search,31536000,PARTIAL_UPFRONT,7f87c229-fc8e-4e8f-9c42-4e413f3eae8f,6873.0
i3.4xlarge.search,31536000,NO_UPFRONT,bfe51bbe-4e57-4dcb-93f3-7f79cdd28c66,0.0
i3.8xlarge.search,31536000,PARTIAL_UPFRONT,2bfb3bd7-d1a5-416d-9caf-22c68e62b26a,13749.0
i3.8xlarge.search,94608000,ALL_UPFRONT,33f3d0df-3c84-48a1-a755-6f6323105e67,59098.0
i3.8xlarge.search,94608000,NO_UPFRONT,35b1c743-8ed4-41a6-b325-e785f69f2bcf,0.0
i3.8xlarge.search,94608000,PARTIAL_UPFRONT,88a1affd-e3db-4d41-b754-a59fd43ea28e,30780.0
i3.8xlarge.search,31536000,NO_UPFRONT,8b7878db-0adf-4749-87a4-e18bc83b6333,0.0
i3.8xlarge.search,31536000,ALL_UPFRONT,a436a57c-b4d2-43f7-bb70-84e8ac072ee4,26676.0
i3.large.search,31536000,PARTIAL_UPFRONT,58d081e2-2a78-443c-8b39-087d0a1cd6bf,860.0
i3.large.search,31536000,NO_UPFRONT,5de6ede0-4b7f-4a35-964c-045d8ffc7898,0.0
i3.large.search,94608000,PARTIAL_UPFRONT,79f166cb-e08d-40b4-ab5d-18ca0bb7fd83,1925.0
i3.large.search,94608000,NO_UPFRONT,af56a642-64c6-4fe4-9785-f09c6df37e7b,0.0
i3.large.search,94608000,ALL_UPFRONT,c33356fb-a47e-4470-8fd0-630b203bc9c1,3696.0
i3.large.search,31536000,ALL_UPFRONT,e7890ca3-5597-4187-bf6c-b25b453b87e7,1668.0
i3.xlarge.search,31536000,PARTIAL_UPFRONT,0b5c44c2-9b6c-4c7e-8449-30c7ca645a25,1720.0
i3.xlarge.search,94608000,ALL_UPFRONT,34c610c9-e653-4798-9333-78cb54d4430b,7392.0
i3.xlarge.search,94608000,NO_UPFRONT,6504c763-8dcd-49f1-a2f9-ab9a2379439d,0.0
i3.xlarge.search,94608000,PARTIAL_UPFRONT,dad6e03f-dc07-4d14-884c-2e4cbca05927,3850.0
i3.xlarge.search,31536000,NO_UPFRONT,dc4ab0bc-6fd5-4ae1-b1b5-51637962a2f7,0.0
i3.xlarge.search,31536000,ALL_UPFRONT,e0df509b-6273-4d15-a637-6fa939cc0ace,3337.0
i4i.12xlarge.search,94608000,PARTIAL_UPFRONT,1dd73a7c-4f61-4023-8357-01cc30f1a077,50786.0
i4i.12xlarge.search,31536000,ALL_UPFRONT,34741499-84df-4563-a010-bed97efb557a,44015.0
i4i.12xlarge.search,31536000,NO_UPFRONT,5140ac38-a443-42f3-8a3f-3b1470bb9f77,0.0
i4i.12xlarge.search,31536000,PARTIAL_UPFRONT,55d6a8dc-0dde-4396-bac7-12b9a56f0d42,22684.0
i4i.12xlarge.search,94608000,NO_UPFRONT,97093de4-fc2f-464a-92a0-60b99edd9fa5,0.0
i4i.12xlarge.search,94608000,ALL_UPFRONT,cfce5509-93f2-4b0d-b563-5f4b9b1d4aed,97509.0
i4i.16xlarge.search,94608000,PARTIAL_UPFRONT,0440ff67-b661-4337-a133-9714aaee2150,67717.0
i4i.16xlarge.search,94608000,ALL_UPFRONT,6c97f10e-3f30-43f7-9bdd-5b7f85f028fe,130017.0
i4i.16xlarge.search,31536000,PARTIAL_UPFRONT,804285e1-5fab-4532-9857-ba1e46a2997a,30247.0
i4i.16xlarge.search,94608000,NO_UPFRONT,8f27e4da-637f-4e1c-bd63-4f710787f8aa,0.0
i4i.16xlarge.search,31536000,ALL_UPFRONT,a226dcdd-bdab-430e-aba8-74ba5a7e4489,58688.0
i4i.16xlarge.search,31536000,NO_UPFRONT,fa4c6a9f-85db-402b-862a-4f7c32e5f101,0.0
i4i.24xlarge.search,31536000,ALL_UPFRONT,05e33834-460c-4018-b624-d8c49d3799d7,88029.0
i4i.24xlarge.search,94608000,ALL_UPFRONT,1ac85955-2042-4fb6-9cc3-2aca9fc57c47,195019.0
i4i.24xlarge.search,31536000,PARTIAL_UPFRONT,45990846-9bf2-428a-ba12-6f5cf7564254,45369.0
i4i.24xlarge.search,94608000,PARTIAL_UPFRONT,5f80744c-df66-45ad-8bf3-ce42276270d2,101572.0
i4i.24xlarge.search,31536000,NO_UPFRONT,a266d46c-4cf4-4cc7-a5a9-8f31d32162b9,0.0
i4i.24xlarge.search,94608000,NO_UPFRONT,aabc0188-843f-42fa-9791-d4c4ee75c721,0.0
i4i.2xlarge.search,94608000,NO_UPFRONT,128b5650-eb76-4b5c-bfe4-77eff2fc37eb,0.0
i4i.2xlarge.search,31536000,ALL_UPFRONT,50a40c67-ea8a-4e81-be1c-3ecb674b5182,7334.0
i4i.2xlarge.search,31536000,PARTIAL_UPFRONT,6204d1ad-09a2-45d3-9097-d1d6887cbac5,3780.0
i4i.2xlarge.search,31536000,NO_UPFRONT,70bbc32e-4f43-4461-b4ec-77099bcf492f,0.0
i4i.2xlarge.search,94608000,ALL_UPFRONT,8a7ce434-f39f-4edd-8873-268af36dafd2,16247.0
i4i.2xlarge.search,94608000,PARTIAL_UPFRONT,fd622735-3b14-4d9a-b66c-a63ec5bb19b6,8462.0
i4i.32xlarge.search,31536000,NO_UPFRONT,1c25bc7b-adb6-494b-9705-96788cf97d8f,0.0
i4i.32xlarge.search,31536000,ALL_UPFRONT,2051cbd4-e481-47b3-9866-94fe30895c4d,117370.0
i4i.32xlarge.search,94608000,NO_UPFRONT,405602dd-8a8c-4609-83c2-5e697d298583,0.0
i4i.32xlarge.search,94608000,PARTIAL_UPFRONT,5829d0e5-e033-4c7d-90a7-65acaf1a6d53,135427.0
i4i.32xlarge.search,94608000,ALL_UPFRONT,60ca5a7d-9110-4d17-b5fa-89798d73c9f6,260021.0
i4i.32xlarge.search,31536000,PARTIAL_UPFRONT,b6c709a1-b351-4957-861c-7b6f644449f6,60491.0
i4i.4xlarge.search,94608000,ALL_UPFRONT,4855e6b9-8720-4ab6-9bdb-cc78249b1e9b,32495.0
i4i.4xlarge.search,31536000,ALL_UPFRONT,4b2ec3d9-cf2e-4199-8918-4b08a9d6db3e,14668.0
i4i.4xlarge.search,31536000,NO_UPFRONT,4d77af6a-707d-4360-b1a2-92818523e62d,0.0
i4i.4xlarge.search,94608000,NO_UPFRONT,700bcdc2-d54a-4266-bfb0-60b1be0af9d5,0.0
i4i.4xlarge.search,31536000,PARTIAL_UPFRONT,9ef222f7-ca00-4626-9bac-7ac026462dcf,7560.0
i4i.4xlarge.search,94608000,PARTIAL_UPFRONT,c6efc0c1-a455-4d7c-be8f-9e558a5ebb12,16924.0
i4i.8xlarge.search,31536000,PARTIAL_UPFRONT,0d007e70-9c41-4ee9-b812-4e3b42fb27e3,15125.0
i4i.8xlarge.search,31536000,ALL_UPFRONT,71e0f13a-7ff1-48aa-8d44-4151fb01378c,29347.0
i4i.8xlarge.search,94608000,ALL_UPFRONT,a7d97384-b262-492e-9700-1ad564888047,65015.0
i4i.8xlarge.search,31536000,NO_UPFRONT,c6f3de93-006b-4148-85ec-8b8b010d339d,0.0
i4i.8xlarge.search,94608000,PARTIAL_UPFRONT,e01fc9e5-ff79-4fe8-a3d4-5e1e17379f36,33862.0
i4i.8xlarge.search,94608000,NO_UPFRONT,f0fa590a-99c5-42d1-af6e-3913e1dee8c3,0.0
i4i.large.search,31536000,PARTIAL_UPFRONT,08b33cd2-7d5b-461e-802f-cf734cedffdd,945.0
i4i.large.search,31536000,ALL_UPFRONT,240a0fc8-517f-4290-8dff-704b9acbbe55,1833.0
i4i.large.search,94608000,ALL_UPFRONT,40ef33e7-4820-4720-b0c6-9d9bf94eec8b,4062.0
i4i.large.search,94608000,NO_UPFRONT,89328e91-b431-43e0-9748-9a5e1e839037,0.0
i4i.large.search,31536000,NO_UPFRONT,a8eb90b1-1ca2-4867-9873-b02066a8e3d6,0.0
i4i.large.search,94608000,PARTIAL_UPFRONT,f9468385-3454-4af8-9add-5e3bb0f42f1d,2116.0
i4i.xlarge.search,31536000,NO_UPFRONT,09e4367a-e280-4353-b428-91f808a06ca9,0.0
i4i.xlarge.search,31536000,PARTIAL_UPFRONT,449813c6-580d-4ff2-9f46-353ced116c63,1893.0
i4i.xlarge.search,94608000,ALL_UPFRONT,471819e3-2948-4f5d-bbf5-78e3d6d29cff,8136.0
i4i.xlarge.search,94608000,NO_UPFRONT,9f52ce66-7d89-4779-bceb-375ba0e6bdd4,0.0
i4i.xlarge.search,31536000,ALL_UPFRONT,b31adeec-fcb4-4b3e-b384-05644c99a458,3673.0
i4i.xlarge.search,94608000,PARTIAL_UPFRONT,f452f887-d8c9-4877-8bdb-f8f44bc08a2a,4238.0
im4gn.16xlarge.search,94608000,NO_UPFRONT,2ca47b05-9f60-40b3-a1f1-ddf2e97053c7,0.0
im4gn.16xlarge.search,94608000,PARTIAL_UPFRONT,4adf1bdf-42d4-43d5-9c31-da7c4a37116a,67266.288
im4gn.16xlarge.search,31536000,ALL_UPFRONT,8529633f-2fbe-45d8-baa1-04e85d1c3ddd,58297.45
im4gn.16xlarge.search,31536000,NO_UPFRONT,a166d07e-b118-4d2a-b0a6-0ff63bdfa093,0.0
im4gn.16xlarge.search,94608000,ALL_UPFRONT,a7918136-50a5-46ee-949b-4583bebb18e8,129151.273
im4gn.16xlarge.search,31536000,PARTIAL_UPFRONT,d993573a-ac84-4819-8466-cfbb5579a09a,30045.609
im4gn.2xlarge.search,31536000,PARTIAL_UPFRONT,060b43bd-b396-4a3e-a49b-d2b9b89998cb,3755.701
im4gn.2xlarge.search,94608000,PARTIAL_UPFRONT,4686e8b3-e400-410b-9b0f-be0fe1f17d15,8408.286
im4gn.2xlarge.search,31536000,NO_UPFRONT,6759ee2f-222b-453e-9534-4400b3eabe14,0.0
im4gn.2xlarge.search,94608000,ALL_UPFRONT,98e7e7a6-f187-444a-8fab-fd862f4a3762,16143.909
im4gn.2xlarge.search,94608000,NO_UPFRONT,cfb41c49-b5c8-48ac-b189-3d9671d028c2,0.0
im4gn.2xlarge.search,31536000,ALL_UPFRONT,f43644ad-3ca5-4db8-b573-e75d4942e0a0,7287.181
im4gn.4xlarge.search,31536000,PARTIAL_UPFRONT,14f1b1be-979c-4acb-b3f3-2488a4b823cf,7511.402
im4gn.4xlarge.search,94608000,NO_UPFRONT,51e1c268-3428-46a8-9f7b-642414877ad1,0.0
im4gn.4xlarge.search,94608000,ALL_UPFRONT,5a765dce-80cb-4b27-90b4-6e503396f2e9,32287.818
im4gn.4xlarge.search,31536000,ALL_UPFRONT,86273520-c1a7-47cd-a9ca-aab07847a543,14574.362
im4gn.4xlarge.search,31536000,NO_UPFRONT,922b6595-91f0-4735-850e-261598d7ed19,0.0
im4gn.4xlarge.search,94608000,PARTIAL_UPFRONT,a613a296-b73b-4bb9-be02-b9370e88c620,16816.572
im4gn.8xlarge.search,94608000,NO_UPFRONT,1cf8ce95-b5fb-47af-9a16-da7d88045044,0.0
im4gn.8xlarge.search,31536000,NO_UPFRONT,7538f5e8-42fa-404d-bf90-1d62855acbe9,0.0
im4gn.8xlarge.search,94608000,ALL_UPFRONT,7d3c9483-2c3a-4d94-8cbc-afc9acd5fd79,64575.636
im4gn.8xlarge.search,31536000,PARTIAL_UPFRONT,7f4338bf-f628-43af-af96-ffebb9eb9bfe,15022.804
im4gn.8xlarge.search,31536000,ALL_UPFRONT,92829163-1a8f-486a-a50f-8970e0c3f003,29148.725
im4gn.8xlarge.search,94608000,PARTIAL_UPFRONT,d0fe35ca-3587-4b05-85ee-4c6795fe75fd,33633.144
im4gn.large.search,94608000,PARTIAL_UPFRONT,020d25f9-8548-4210-955b-1f2903c89d8e,2102.072
im4gn.large.search,31536000,PARTIAL_UPFRONT,0974c683-d45f-41ac-b0b1-7803c2f44fbb,938.925
im4gn.large.search,94608000,NO_UPFRONT,11e468f7-5661-4445-8099-567d6abcb589,0.0
im4gn.large.search,94608000,ALL_UPFRONT,40bf8f80-f78a-4d66-89f4-69a346bc310a,4035.977
im4gn.large.search,31536000,ALL_UPFRONT,5e5449c0-0006-496d-b60f-243ec801cbd7,1821.795
im4gn.large.search,31536000,NO_UPFRONT,8d4de1c0-00b2-4db7-b9e3-17fd65afab51,0.0
im4gn.xlarge.search,94608000,ALL_UPFRONT,193125a3-3dbd-4bd9-a552-480fa8704ff7,8071.955
im4gn.xlarge.search,31536000,PARTIAL_UPFRONT,200ba34f-f004-4e54-8d90-b4f9e1a2a532,1877.851
im4gn.xlarge.search,94608000,NO_UPFRONT,94a2615f-5ffd-4642-8a2d-c876bd83c0b2,0.0
im4gn.xlarge.search,31536000,NO_UPFRONT,d4d96f1b-8c52-4020-971a-0c7b56fb9c23,0.0
im4gn.xlarge.search,31536000,ALL_UPFRONT,f78b7b63-0c9c-4501-ba32-33eabd3a91e0,3643.591
im4gn.xlarge.search,94608000,PARTIAL_UPFRONT,f92bdc0e-12ea-488f-92c1-230cf951626b,4204.143
m4.10xlarge.search,94608000,ALL_UPFRONT,1f584c1e-1546-40d4-b8fb-a517d9d229d4,49133.0
m4.10xlarge.search,94608000,NO_UPFRONT,39d12e49-c389-4db8-b6a0-a6c819715813,0.0
m4.10xlarge.search,31536000,PARTIAL_UPFRONT,7ca7f1d9-d425-4213-9088-e4a9ef10f9df,11430.0
m4.10xlarge.search,94608000,PARTIAL_UPFRONT,957d2901-9782-4975-9bbb-7142e405bdb3,25590.0
m4.10xlarge.search,31536000,ALL_UPFRONT,d838d79e-0a59-433b-a69e-c52961fcc386,22178.0
m4.10xlarge.search,31536000,NO_UPFRONT,ddeba5f8-ae44-4e1c-977f-21c227e04656,0.0
m4.2xlarge.search,94608000,NO_UPFRONT,25a79dcb-a2e9-4518-9108-145459109b3c,0.0
m4.2xlarge.search,31536000,PARTIAL_UPFRONT,325c2ac8-2296-4bc6-9633-c184cd97f31b,2283.0
m4.2xlarge.search,94608000,PARTIAL_UPFRONT,6c04511a-4a15-41e1-9441-aaaf5bd1e96a,5111.0
m4.2xlarge.search,31536000,ALL_UPFRONT,7ccb5bea-f535-4b1e-8f4f-d3e7fa52d765,4430.0
m4.2xlarge.search,94608000,ALL_UPFRONT,bd656fee-166a-45c2-bddd-525855311b9e,9814.0
m4.2xlarge.search,31536000,NO_UPFRONT,d5480d82-34c8-462f-855e-c3a138deff27,0.0
m4.4xlarge.search,31536000,PARTIAL_UPFRONT,2f37afda-adf2-40f3-948a-dc716d9036e3,4572.0
m4.4xlarge.search,94608000,ALL_UPFRONT,55a1dd84-3ba8-4c4d-a680-b4398d782d36,19653.0
m4.4xlarge.search,31536000,NO_UPFRONT,6d5ce9fd-616e-4ba8-8e1d-b651bb5c28a1,0.0
m4.4xlarge.search,94608000,PARTIAL_UPFRONT,78a7d623-c65e-4655-a3fb-8abe653a2822,10236.0
m4.4xlarge.search,94608000,NO_UPFRONT,84066fe3-0c58-4f95-b96c-bf979fdb985b,0.0
m4.4xlarge.search,31536000,ALL_UPFRONT,a3e7cb43-8bf9-4c32-b9a0-f4761f5f726f,8871.0
m4.large.search,31536000,NO_UPFRONT,0cb56e12-77c9-4371-8287-475610dc8ecf,0.0
m4.large.search,94608000,PARTIAL_UPFRONT,51daaac5-1cd0-4572-91f1-1671e649ebbf,1281.0
m4.large.search,94608000,ALL_UPFRONT,64ced320-ca51-4a9e-837f-45b3c0254677,2460.0
m4.large.search,94608000,NO_UPFRONT,66b4de7a-3510-43c7-9681-be0787cb42d4,0.0
m4.large.search,31536000,ALL_UPFRONT,7e0e32cf-464c-4ec0-a1f2-600f576f6c55,1110.0
m4.large.search,31536000,PARTIAL_UPFRONT,b56013ce-bd3e-487f-946a-f6a04564881e,572.0
m4.xlarge.search,31536000,PARTIAL_UPFRONT,1b5b0e35-2d78-4d6e-9b70-e263fbae13fc,1142.0
m4.xlarge.search,94608000,NO_UPFRONT,47d5102e-2dfd-45bf-a85a-4c1b8a1503b5,0.0
m4.xlarge.search,94608000,ALL_UPFRONT,85577286-5d32-4625-b50d-a63f3996a191,4907.0
m4.xlarge.search,94608000,PARTIAL_UPFRONT,ca7f5d2e-f28f-40ce-81bc-a6f7d1eff665,2556.0
m4.xlarge.search,31536000,NO_UPFRONT,f399131a-e184-4e0d-8f55-43d8f23b8e2f,0.0
m4.xlarge.search,31536000,ALL_UPFRONT,f7542f9e-30b9-4e3e-8c7b-eb9d773e3c48,2215.0
m5.12xlarge.search,31536000,ALL_UPFRONT,1591fa81-7989-4d86-8190-97a1846cdc99,24997.0
m5.12xlarge.search,94608000,ALL_UPFRONT,5da6b44a-d91c-4e83-9188-699926d358f5,55377.0
m5.12xlarge.search,31536000,NO_UPFRONT,a9b6c028-b0ec-4747-8a00-158929db63b5,0.0
m5.12xlarge.search,94608000,PARTIAL_UPFRONT,bac18658-20cc-4608-a547-5f6c766b8a6d,28842.0
m5.12xlarge.search,94608000,NO_UPFRONT,ddfa13ac-fe9d-4e3c-bc39-1b021c181790,0.0
m5.12xlarge.search,31536000,PARTIAL_UPFRONT,f231d3a3-7361-497f-8ba4-3502c1bb5594,12883.0
m5.2xlarge.search,31536000,NO_UPFRONT,2075e7c0-51ce-4735-89bd-56dbbb19123f,0.0
m5.2xlarge.search,31536000,PARTIAL_UPFRONT,2bd05dc9-bf02-4c02-9b6d-d3bea43717db,2148.0
m5.2xlarge.search,94608000,ALL_UPFRONT,2c22e138-7564-4ab4-8a75-84a5d750758f,9234.0
m5.2xlarge.search,31536000,ALL_UPFRONT,6847c193-0615-4db8-95fd-31ce0beff158,4168.0
m5.2xlarge.search,94608000,PARTIAL_UPFRONT,7dae061f-8ba1-43f7-bae3-1bb4759ef2aa,4809.0
m5.2xlarge.search,94608000,NO_UPFRONT,b5140ab9-944e-4fd6-9a7c-2425af8a3706,0.0
m5.4xlarge.search,31536000,PARTIAL_UPFRONT,07b11e8d-3419-484d-ab99-974bdb2cbc3f,4293.0
m5.4xlarge.search,31536000,ALL_UPFRONT,254adfd8-11c9-473a-bb92-fe4fcf1abb55,8330.0
m5.4xlarge.search,31536000,NO_UPFRONT,3db4b7dc-4038-4c61-8457-dc6d252e42b6,0.0
m5.4xlarge.search,94608000,PARTIAL_UPFRONT,b3e6f686-fec4-4bb6-8183-c7e7365a02bb,9612.0
m5.4xlarge.search,94608000,NO_UPFRONT,d2db534a-b8c9-4b79-956e-cfca437a06b7,0.0
m5.4xlarge.search,94608000,ALL_UPFRONT,f6adcb9e-cfa7-4d39-8c66-0ef8c49032e6,18455.0
m5.large.search,94608000,NO_UPFRONT,0318ae53-f93f-43a1-85fe-22274cbdcab6,0.0
m5.large.search,31536000,ALL_UPFRONT,6911d1a5-4194-4a75-a66c-16b00b14acbf,1042.0
m5.large.search,94608000,ALL_UPFRONT,86daabf3-7ef9-45f8-bfd1-e73a7cc97201,2308.0
m5.large.search,94608000,PARTIAL_UPFRONT,9416e5ae-27dd-48c8-b116-9e563e0372db,1202.0
m5.large.search,31536000,PARTIAL_UPFRONT,bf230403-39e4-4bb3-add9-0aa9e1704178,537.0
m5.large.search,31536000,NO_UPFRONT,e17b3971-9bea-4b06-b306-c3f12d40adde,0.0
m5.xlarge.search,94608000,NO_UPFRONT,06d1f3db-e9d6-4fdf-8738-68175548e0ba,0.0
m5.xlarge.search,31536000,ALL_UPFRONT,285508f6-eb64-4118-a100-6d0045a8ae20,2084.0
m5.xlarge.search,94608000,ALL_UPFRONT,5433cb46-8963-41a2-bfe1-3f2aef6e996d,4617.0
m5.xlarge.search,31536000,NO_UPFRONT,93f18bec-9c59-4b1c-969e-da2a8655405b,0.0
m5.xlarge.search,31536000,PARTIAL_UPFRONT,a845c983-1886-452a-b8a5-dadce779ec59,1074.0
m5.xlarge.search,94608000,PARTIAL_UPFRONT,ec8d8572-17af-40be-bc29-fce706359aac,2405.0
m6g.12xlarge.search,94608000,ALL_UPFRONT,0e53a8ad-322e-43f1-af1e-c61e80fe68a2,49751.194
m6g.12xlarge.search,31536000,ALL_UPFRONT,15021974-5927-444e-a6e1-5dc5c5987e0a,22457.136
m6g.12xlarge.search,94608000,NO_UPFRONT,5af8769d-ad21-4855-82b4-2f6acd601ce2,0.0
m6g.12xlarge.search,94608000,PARTIAL_UPFRONT,62fc2a00-778a-4e22-b14a-eb3972f7ead8,25912.08
m6g.12xlarge.search,31536000,NO_UPFRONT,84fada1a-b762-40ff-a6dc-28f0c30e379f,0.0
m6g.12xlarge.search,31536000,PARTIAL_UPFRONT,9940c7ea-3633-43bc-bec2-a2cd7d1a97de,11574.062
m6g.2xlarge.search,94608000,NO_UPFRONT,06efba5c-cc5f-4eee-a445-156f8f46e066,0.0
m6g.2xlarge.search,94608000,ALL_UPFRONT,55fb4463-8646-4066-9d6a-c9dcdfd91f6e,8287.661
m6g.2xlarge.search,94608000,PARTIAL_UPFRONT,679535a1-fbbf-41f6-a163-4fbc213c0b6d,4316.49
m6g.2xlarge.search,31536000,NO_UPFRONT,6e5cbbd4-8291-4a66-994f-00e37eed5fcb,0.0
m6g.2xlarge.search,31536000,ALL_UPFRONT,adc83c34-2650-4b88-8a5b-a4782e4496b6,3740.958
m6g.2xlarge.search,31536000,PARTIAL_UPFRONT,d204280b-ad8e-4276-9de8-04bdd6a3d8a3,1928.032
m6g.4xlarge.search,94608000,ALL_UPFRONT,5ea7fa40-49e7-4889-ac66-26420c1a8fca,16587.936
m6g.4xlarge.search,31536000,NO_UPFRONT,908873c6-2bcb-4fa2-8f10-bd17aaf8a1f5,0.0
m6g.4xlarge.search,31536000,ALL_UPFRONT,c2b382dd-7c67-43d1-9545-bab89f816270,7487.61
m6g.4xlarge.search,94608000,NO_UPFRONT,c4eec66e-4cb8-4177-a052-0a08a1088e5a,0.0
m6g.4xlarge.search,94608000,PARTIAL_UPFRONT,c829c3d6-91a6-4efc-8c09-93e466443117,8639.55
m6g.4xlarge.search,31536000,PARTIAL_UPFRONT,e8047fe4-6d93-4381-b6a2-0c15bf5c4d85,3858.999
m6g.8xlarge.search,94608000,ALL_UPFRONT,2e526682-0207-4c46-bbac-0eff49804f35,33163.258
m6g.8xlarge.search,94608000,PARTIAL_UPFRONT,4729da6a-9008-4158-9b93-770840324032,17272.53
m6g.8xlarge.search,31536000,ALL_UPFRONT,95278279-2c16-43fa-ae24-ba2ce7f6de4a,14969.526
m6g.8xlarge.search,94608000,NO_UPFRONT,99db8030-f386-4ae1-8843-347d8d05d0d1,0.0
m6g.8xlarge.search,31536000,PARTIAL_UPFRONT,9f71ea2b-f7e4-4685-bc6b-43b0dbc84c41,7715.063
m6g.8xlarge.search,31536000,NO_UPFRONT,e452f226-6ebf-441e-9695-efe4b7b435c3,0.0
m6g.large.search,94608000,ALL_UPFRONT,07e39626-2878-418b-85a9-050db113956b,2068.762
m6g.large.search,31536000,NO_UPFRONT,30557dba-0d16-49ec-aac1-a3fabf84f3de,0.0
m6g.large.search,94608000,NO_UPFRONT,5c704bfa-618c-4f6e-8196-fcbecd5ad515,0.0
m6g.large.search,94608000,PARTIAL_UPFRONT,7c41dad2-381b-48af-90ac-53178a0fd540,1077.48
m6g.large.search,31536000,ALL_UPFRONT,817ba326-e0c9-43dd-9601-6036186b8de8,933.816
m6g.large.search,31536000,PARTIAL_UPFRONT,d1039526-9185-43eb-80e1-7bea15d0c2b4,481.274
m6g.xlarge.search,94608000,ALL_UPFRONT,4cb2d08c-c9cd-48eb-bd87-6f32d1a2f4a4,4150.138
m6g.xlarge.search,31536000,NO_UPFRONT,92fb1ee0-7c45-4871-8a8e-1317e6406baa,0.0
m6g.xlarge.search,94608000,NO_UPFRONT,a2b24409-6079-4484-a9f6-811eb842de1a,0.0
m6g.xlarge.search,31536000,PARTIAL_UPFRONT,a4bdc479-19db-42a9-9d81-bd5b84b705e6,965.483
m6g.xlarge.search,31536000,ALL_UPFRONT,f4739fa6-f664-4212-bac3-046f9844780a,1873.326
m6g.xlarge.search,94608000,PARTIAL_UPFRONT,fd5cfa41-da80-4480-8c98-8c93b489edec,2161.53
m7g.12xlarge.search,94608000,PARTIAL_UPFRONT,0b2849f3-933d-4f07-91aa-fefbc5d9013e,27587.0
m7g.12xlarge.search,31536000,ALL_UPFRONT,1e0e3f73-538f-466f-ad39-c022106a6089,23909.0
m7g.12xlarge.search,31536000,NO_UPFRONT,3add40db-a587-4253-aaa2-34a94cdc762c,0.0
m7g.12xlarge.search,31536000,PARTIAL_UPFRONT,79f56e87-9278-4f06-9107-2f252d238fae,12322.0
m7g.12xlarge.search,94608000,ALL_UPFRONT,9a8e53fd-53d8-4054-bdbe-7f595b28e77c,52968.0
m7g.12xlarge.search,94608000,NO_UPFRONT,be836f5f-0fe0-4eba-a603-997261fb3b55,0.0
m7g.16xlarge.search,31536000,NO_UPFRONT,2790931f-064e-4d0f-8662-93924d7825ad,0.0
m7g.16xlarge.search,94608000,NO_UPFRONT,6448fb35-52f8-448c-b76a-aefeaa8a54d6,0.0
m7g.16xlarge.search,31536000,ALL_UPFRONT,79923722-e27b-4c4c-8734-534efcb75bd9,31881.0
m7g.16xlarge.search,94608000,ALL_UPFRONT,a953bd09-9d05-4fd4-a3c2-cd2cfc319d63,70628.0
m7g.16xlarge.search,31536000,PARTIAL_UPFRONT,a9df824c-8b9c-4a6c-a250-ec9274ffcbc0,16431.0
m7g.16xlarge.search,94608000,PARTIAL_UPFRONT,f85defbe-4bfe-4242-8789-d21bfe683f25,36785.0
m7g.2xlarge.search,94608000,ALL_UPFRONT,045f5ecc-f5f6-47e0-a6cb-e1306cfe5ea9,8830.0
m7g.2xlarge.search,31536000,NO_UPFRONT,5968b651-ef27-4584-807c-9e64675ebba3,0.0
m7g.2xlarge.search,31536000,ALL_UPFRONT,60f3f05b-d126-4be0-8c57-fb69a05c373f,3986.0
m7g.2xlarge.search,94608000,NO_UPFRONT,622c1c13-4505-4695-a989-bd304a10dd7d,0.0
m7g.2xlarge.search,94608000,PARTIAL_UPFRONT,c11d199f-3a69-4079-a234-0949683cd243,4599.0
m7g.2xlarge.search,31536000,PARTIAL_UPFRONT,fd64d583-0a33-4954-a78a-8eb40ca46786,2054.0
m7g.4xlarge.search,94608000,PARTIAL_UPFRONT,0ad547f6-a72c-4d21-83a2-83eb29578408,9198.0
m7g.4xlarge.search,94608000,ALL_UPFRONT,2c2e00bd-5a56-415d-abb4-2723110d7c2a,17660.0
m7g.4xlarge.search,94608000,NO_UPFRONT,4869ef95-d8e0-4ed0-952c-759f39cd9cf3,0.0
m7g.4xlarge.search,31536000,NO_UPFRONT,7aa4fd14-41f8-4d41-aee3-737f6afba861,0.0
m7g.4xlarge.search,31536000,PARTIAL_UPFRONT,f6594f91-48eb-4e90-ad17-c9c51c4780c7,4108.0
m7g.4xlarge.search,31536000,ALL_UPFRONT,f8158d5f-27e8-4bd7-acd6-082efac22b25,7972.0
m7g.8xlarge.search,31536000,ALL_UPFRONT,0f313fe6-89a8-40cb-a04b-cfc10b10995e,15938.0
m7g.8xlarge.search,31536000,NO_UPFRONT,215ab90f-ba7b-4b1a-9bec-638606630f28,0.0
m7g.8xlarge.search,94608000,PARTIAL_UPFRONT,3913366d-0594-4e33-afad-5cc38b2b1d6f,18389.0
m7g.8xlarge.search,94608000,NO_UPFRONT,6b20fd0a-7839-478a-b765-e50062b622d9,0.0
m7g.8xlarge.search,31536000,PARTIAL_UPFRONT,6ffe8234-1895-4464-9d47-b2040db8a2ae,8214.0
m7g.8xlarge.search,94608000,ALL_UPFRONT,fb6904b4-3f20-447a-884b-2a63d256e31c,35308.0
m7g.large.search,94608000,PARTIAL_UPFRONT,0179da04-d96b-4286-9e6e-91c46df137da,1150.0
m7g.large.search,31536000,NO_UPFRONT,0b059c5b-92f7-4f23-a0b0-1b246146f538,0.0
m7g.large.search,94608000,NO_UPFRONT,25595205-c556-4447-8617-df8bb8381211,0.0
m7g.large.search,31536000,ALL_UPFRONT,539b4a7b-8939-488c-826c-eb8f2464fb90,996.0
m7g.large.search,31536000,PARTIAL_UPFRONT,7b02e876-694e-473e-9f02-f48f4a359f07,514.0
m7g.large.search,94608000,ALL_UPFRONT,a3a2fb1d-3576-4f57-9e3f-3e7e04a0b307,2208.0
m7g.medium.search,31536000,NO_UPFRONT,3e4114a7-40b5-4854-b9e2-aa2d7c908d1d,0.0
m7g.medium.search,94608000,PARTIAL_UPFRONT,78c41500-5a5e-43b4-a381-508c50057a44,572.0
m7g.medium.search,94608000,NO_UPFRONT,81d20be5-4676-48d4-93f6-935d89577a55,0.0
m7g.medium.search,94608000,ALL_UPFRONT,acb76035-ce8d-4cd4-82df-8b330d14a8d1,1097.0
m7g.medium.search,31536000,ALL_UPFRONT,b39ce3e0-02ef-48f5-b61c-5086492c1b4c,495.0
m7g.medium.search,31536000,PARTIAL_UPFRONT,c5b458f8-fcef-4c80-873e-78ea05d2db1e,255.0
m7g.xlarge.search,31536000,NO_UPFRONT,1922a84d-e467-4953-9d17-bb795b1c0efa,0.0
m7g.xlarge.search,31536000,PARTIAL_UPFRONT,25037f1d-46f3-4ea8-bcd6-2e01bb39e7ec,1027.0
m7g.xlarge.search,94608000,NO_UPFRONT,2d0bd0ce-c7a3-46f4-97b5-60e84bd98712,0.0
m7g.xlarge.search,31536000,ALL_UPFRONT,50483a7c-a966-41f4-bb9a-96535a9276ef,1993.0
m7g.xlarge.search,94608000,ALL_UPFRONT,ed9c595e-752e-4391-8d84-8f10b5c72d5b,4415.0
m7g.xlarge.search,94608000,PARTIAL_UPFRONT,f2ee3851-870c-4df6-93ef-c8921a11aaa7,2300.0
m7i.12xlarge.search,31536000,PARTIAL_UPFRONT,1a202e30-38dc-4897-a08f-01ef0fe489fa,14672.124
m7i.12xlarge.search,31536000,NO_UPFRONT,5f85b546-2a08-4f07-9817-23568160fd46,0.0
m7i.12xlarge.search,31536000,ALL_UPFRONT,89956992-301f-4dea-a933-8bd01a126e0c,28468.292
m7i.12xlarge.search,94608000,ALL_UPFRONT,954c9e55-047a-4647-8547-800111dae084,63068.216
m7i.12xlarge.search,94608000,NO_UPFRONT,d25c5ff3-6564-4efe-b192-c772d5d26e20,0.0
m7i.12xlarge.search,94608000,PARTIAL_UPFRONT,ee41c930-a7e2-44c0-b856-a96572c8bfb1,32847.372
m7i.16xlarge.search,94608000,PARTIAL_UPFRONT,0f2aa10f-ad74-47fe-abf1-31530061bd73,43798.248
m7i.16xlarge.search,31536000,ALL_UPFRONT,141b591c-a185-48a0-8690-2fdc9e82c17b,37957.343
m7i.16xlarge.search,94608000,NO_UPFRONT,85ebb7db-9b4f-4432-bf6e-ef8298161e03,0.0
m7i.16xlarge.search,94608000,ALL_UPFRONT,b4438ec2-c4ff-429d-9f43-62d820092c18,84090.113
m7i.16xlarge.search,31536000,NO_UPFRONT,c4128bea-1f00-4a7b-a22e-52db9a265248,0.0
m7i.16xlarge.search,31536000,PARTIAL_UPFRONT,ffaa851d-5a8b-4a9b-8f20-35a46c0e0747,19562.832
m7i.2xlarge.search,31536000,PARTIAL_UPFRONT,2aa40f3d-dea4-4b15-b572-8419f8429eb8,2445.792
m7i.2xlarge.search,94608000,PARTIAL_UPFRONT,76b139c7-0dcd-4e38-b4d3-a72f6f776b72,5474.124
m7i.2xlarge.search,31536000,NO_UPFRONT,9295c6a8-f116-4fb5-a8ce-aa2ac050da27,0.0
m7i.2xlarge.search,94608000,ALL_UPFRONT,97eb218d-aa02-443f-8cde-f5daabb3a2ac,10511.58
m7i.2xlarge.search,31536000,ALL_UPFRONT,a82b8cfa-0fb3-4cb7-a118-745a8586ff5c,4744.81
m7i.2xlarge.search,94608000,NO_UPFRONT,ec9b18bd-4acd-48b5-92de-b882a04a57a8,0.0
m7i.4xlarge.search,31536000,ALL_UPFRONT,3d010b31-cb3f-4c9e-bcb2-eab14f77308e,9489.62
m7i.4xlarge.search,31536000,NO_UPFRONT,6da21786-07eb-44df-a2e3-57109d073f41,0.0
m7i.4xlarge.search,94608000,PARTIAL_UPFRONT,8f405add-02df-4835-abce-3deed13a1e6f,10950.876
m7i.4xlarge.search,94608000,ALL_UPFRONT,c3c693c3-6203-49ec-973b-575817477d25,21023.159
m7i.4xlarge.search,31536000,PARTIAL_UPFRONT,fc1f4ca6-5bda-48f4-98ad-590fcdc67e1e,4890.708
m7i.4xlarge.search,94608000,NO_UPFRONT,fde7e85c-cae2-4f80-a132-45c3c9c92bad,0.0
m7i.8xlarge.search,94608000,ALL_UPFRONT,123410e7-2c26-4b2a-b485-db56177eae3e,42045.057
m7i.8xlarge.search,31536000,ALL_UPFRONT,3973e96d-b88f-4ce6-bd8f-63489ddc0ab7,18978.671
m7i.8xlarge.search,94608000,PARTIAL_UPFRONT,6fa0cf8d-2441-4432-bd63-75d9febd5ac5,21899.124
m7i.8xlarge.search,31536000,PARTIAL_UPFRONT,f7025340-903f-4d78-bc2d-f0de5be2c0c9,9781.416
m7i.8xlarge.search,94608000,NO_UPFRONT,fbc44275-98d8-45a8-9ce1-c4a63145fbeb,0.0
m7i.8xlarge.search,31536000,NO_UPFRONT,ffde36b1-3be5-4707-9476-5d5189044a9b,0.0
m7i.large.search,94608000,NO_UPFRONT,0c91a28d-1a52-410c-bd44-1873bad423cc,0.0
m7i.large.search,31536000,NO_UPFRONT,1c0a5afd-fe95-401e-b7bb-62e73acda9a9,0.0
m7i.large.search,31536000,PARTIAL_UPFRONT,25e80c22-50cd-428e-8da7-ac78fbe99be0,611.448
m7i.large.search,94608000,PARTIAL_UPFRONT,45446f41-531b-4434-a004-c218eda6c155,1369.188
m7i.large.search,31536000,ALL_UPFRONT,c7f50d9e-9d94-4014-88a3-85cf90cfd19a,1186.06
m7i.large.search,94608000,ALL_UPFRONT,cedaf5c7-442a-43c0-8637-9d6625250ae2,2627.58
m7i.xlarge.search,94608000,PARTIAL_UPFRONT,02380e40-56fb-4f8d-b5e6-0dd22ae3733d,2738.376
m7i.xlarge.search,31536000,ALL_UPFRONT,495fd7c6-aef5-4dad-b187-5b87f2c220d0,2372.12
m7i.xlarge.search,94608000,NO_UPFRONT,4f43a0df-2872-4663-9666-f79b7df84db6,0.0
m7i.xlarge.search,94608000,ALL_UPFRONT,57606341-d40c-4e66-8c28-818b9a98950d,5255.159
m7i.xlarge.search,31536000,PARTIAL_UPFRONT,cd652c91-2784-4991-8fe0-d038c00ed443,1222.896
m7i.xlarge.search,31536000,NO_UPFRONT,f02f64c3-4981-42c0-899b-2be0a433c85c,0.0
or1.12xlarge.search,31536000,ALL_UPFRONT,06bcdc1b-fb55-45f9-a35a-a9a9d5d0ac24,34482.864
or1.12xlarge.search,31536000,PARTIAL_UPFRONT,40a25a9e-744b-4172-a41a-dccd613cf9dc,17774.04
or1.12xlarge.search,94608000,PARTIAL_UPFRONT,64b9ab33-aeb0-44a7-98a7-513a91f13f67,39787.92
or1.12xlarge.search,94608000,NO_UPFRONT,94653d0e-57ff-482b-8ce4-98115b2976f5,0.0
or1.12xlarge.search,31536000,NO_UPFRONT,afa693b4-69af-432a-a18f-02ef6eb6d4cd,0.0
or1.12xlarge.search,94608000,ALL_UPFRONT,f93e4077-25fa-46cf-bad8-d12401d90d4e,76392.806
or1.16xlarge.search,94608000,PARTIAL_UPFRONT,15e91c08-cadd-4bff-bccd-12d488afb61f,52980.48
or1.16xlarge.search,94608000,ALL_UPFRONT,51338d44-7847-48ed-808d-367413afd0ed,101697.293
or1.16xlarge.search,31536000,ALL_UPFRONT,57a4760a-ac4b-4d66-ae32-e4c278f8af77,45905.028
or1.16xlarge.search,31536000,NO_UPFRONT,8c8f4648-5fb6-4e43-921a-0c6ace578f89,0.0
or1.16xlarge.search,94608000,NO_UPFRONT,bf9fe738-03de-4611-b364-ce173a713f47,0.0
or1.16xlarge.search,31536000,PARTIAL_UPFRONT,c86ee48e-b2ce-4065-9a25-11f8b0a0b240,23660.76
or1.2xlarge.search,31536000,PARTIAL_UPFRONT,05f17c52-f541-41f6-912e-b342d02ae765,2960.88
or1.2xlarge.search,94608000,ALL_UPFRONT,10636c21-a995-4b1e-9040-3cfc02244a03,12727.93
or1.2xlarge.search,94608000,PARTIAL_UPFRONT,4430b485-26ef-400a-8924-2ebc5661f2cf,6622.56
or1.2xlarge.search,94608000,NO_UPFRONT,de76d76b-0b91-40e7-aa5b-95fe9a58c542,0.0
or1.2xlarge.search,31536000,ALL_UPFRONT,e579707f-9ff1-46ed-aae2-a57f261fde5e,5745.246
or1.2xlarge.search,31536000,NO_UPFRONT,fd8c6fcc-1700-4012-a3b9-2f466f212dba,0.0
or1.4xlarge.search,94608000,ALL_UPFRONT,12d7283e-9646-4f16-933a-b23ac31dbd9d,25468.474
or1.4xlarge.search,94608000,PARTIAL_UPFRONT,4d015252-1301-4de8-ac37-3946fa537f02,13271.4
or1.4xlarge.search,31536000,PARTIAL_UPFRONT,89b08671-a8e6-43ae-9956-1104790590a9,5921.76
or1.4xlarge.search,31536000,ALL_UPFRONT,9c9210b0-c214-4a78-9620-36c5ceede05b,11496.186
or1.4xlarge.search,94608000,NO_UPFRONT,a18f78d9-440f-4638-b739-7a2c8dab37af,0.0
or1.4xlarge.search,31536000,NO_UPFRONT,ca94f577-f516-4a86-a9b8-606529fa90c0,0.0
or1.8xlarge.search,31536000,NO_UPFRONT,1cac7d38-3648-4d53-9a6b-ef75d1768d4f,0.0
or1.8xlarge.search,94608000,NO_UPFRONT,6de4f052-62ae-4b26-a8d4-2d3631fbae70,0.0
or1.8xlarge.search,31536000,PARTIAL_UPFRONT,78577ea4-9649-4150-ba4f-fdc1c29500c1,11852.28
or1.8xlarge.search,94608000,PARTIAL_UPFRONT,8ca0d6c0-72d5-4c85-b2f2-83ca160162a2,26542.8
or1.8xlarge.search,31536000,ALL_UPFRONT,adbae230-9b25-4d35-af1b-7aab85fb9ba3,22992.372
or1.8xlarge.search,94608000,ALL_UPFRONT,df41c72e-751d-4700-a7dc-ad147cd6a13e,50936.947
or1.large.search,94608000,NO_UPFRONT,0a13b268-3e3e-4369-bc46-89efd47da8ca,0.0
or1.large.search,94608000,PARTIAL_UPFRONT,12ec6137-e7ca-46cf-8637-51c1447d3fce,1655.64
or1.large.search,31536000,ALL_UPFRONT,1ea486bf-e90b-49f9-bea9-417743da9fda,1440.582
or1.large.search,94608000,ALL_UPFRONT,4e1c8203-aa36-4a90-be06-403d0e821bff,3191.443
or1.large.search,31536000,NO_UPFRONT,8ed332ea-a426-4520-8770-aeaab5437326,0.0
or1.large.search,31536000,PARTIAL_UPFRONT,93d74f69-9195-46e8-b9ec-060c490b1669,744.6
or1.medium.search,31536000,PARTIAL_UPFRONT,07eec66d-d4aa-4ee6-9090-c1c01b78bc65,367.92
or1.medium.search,31536000,NO_UPFRONT,0f1b3598-7121-4850-b6e6-bf3f2338c26f,0.0
or1.medium.search,94608000,NO_UPFRONT,41169e06-7ef4-4e5c-b02b-095f9bcda57e,0.0
or1.medium.search,31536000,ALL_UPFRONT,6ce9a3a5-232f-4995-9139-4cdc5be8a21b,717.444
or1.medium.search,94608000,PARTIAL_UPFRONT,c21ee17e-5524-4bc4-ba39-28fed9bf8001,840.96
or1.medium.search,94608000,ALL_UPFRONT,ed219eb7-24ef-4627-b840-b7a235764d73,1589.414
or1.xlarge.search,94608000,ALL_UPFRONT,2de67d97-11b3-4c64-87fc-0b3b1d9c27bc,6370.272
or1.xlarge.search,31536000,NO_UPFRONT,3fcb82b8-7e34-4c0f-bb8b-7bf3690568a6,0.0
or1.xlarge.search,94608000,NO_UPFRONT,4fff6f72-3d35-438c-8e1d-4f791afb7c1b,0.0
or1.xlarge.search,94608000,PARTIAL_UPFRONT,9bbf3188-37ae-476a-8cf7-4c3f9372729e,3311.28
or1.xlarge.search,31536000,ALL_UPFRONT,d3fbc751-817a-4ed5-87d1-b71c33a18793,2875.47
or1.xlarge.search,31536000,PARTIAL_UPFRONT,f8385b2d-9c9a-434d-b1b6-e5008bb75aa2,1480.44
or2.12xlarge.search,94608000,ALL_UPFRONT,0ce0d976-4750-4fa7-8079-632ddfbaaa2c,73138.2912
or2.12xlarge.search,94608000,NO_UPFRONT,2d3427ad-8776-4168-bb44-9012a633a480,0.0
or2.12xlarge.search,31536000,ALL_UPFRONT,66ad5489-5523-4dc2-89ca-f5367dd4d263,33013.812
or2.12xlarge.search,31536000,PARTIAL_UPFRONT,6c6578c9-55ab-48ec-a497-d9d39cf9be72,17014.8108
or2.12xlarge.search,94608000,PARTIAL_UPFRONT,961c3fe9-c754-475e-93af-4b70da649013,38092.86
or2.12xlarge.search,31536000,NO_UPFRONT,b8ce31cf-a770-445a-af67-6e88ed23b7ed,0.0
or2.16xlarge.search,94608000,PARTIAL_UPFRONT,0e925346-169a-434a-9bc1-c09df63db83e,50792.67
or2.16xlarge.search,94608000,ALL_UPFRONT,133a2e04-0cc8-4b8f-8403-9c582aa3cd44,97521.9264
or2.16xlarge.search,31536000,ALL_UPFRONT,290ffafa-9b29-4d9d-a040-3e79173ec842,44020.314
or2.16xlarge.search,31536000,NO_UPFRONT,3423f05e-68dd-4cae-bd1c-776fc292ab25,0.0
or2.16xlarge.search,94608000,NO_UPFRONT,a1971e31-4384-4f9f-baae-cb166019190d,0.0
or2.16xlarge.search,31536000,PARTIAL_UPFRONT,b1861d20-8361-4759-8a29-eac91c19bdc7,22687.3926
or2.2xlarge.search,94608000,NO_UPFRONT,578499f6-cedd-469d-a347-4f9286ebde86,0.0
or2.2xlarge.search,94608000,ALL_UPFRONT,74c7c12d-a115-42a8-95b3-1547de8ecf70,12185.5104
or2.2xlarge.search,31536000,PARTIAL_UPFRONT,7577f40d-c075-4360-9ff0-edac4a9190ba,2834.8236
or2.2xlarge.search,31536000,ALL_UPFRONT,7bda34c2-6b31-4e56-a67d-67a157e379f0,5500.404
or2.2xlarge.search,94608000,PARTIAL_UPFRONT,a5a06dbe-affc-4671-a84e-54a196811867,6346.62
or2.2xlarge.search,31536000,NO_UPFRONT,f933e814-e95c-4db1-8db5-dd90f5c17b91,0.0
or2.4xlarge.search,31536000,ALL_UPFRONT,1bad195c-5a89-431c-bad4-82b57d330bff,11006.502
or2.4xlarge.search,94608000,ALL_UPFRONT,3d7100a4-8fc5-4733-8b31-3c034498b8da,24383.6352
or2.4xlarge.search,31536000,PARTIAL_UPFRONT,3dbe95a7-3263-48e2-9d7c-e199bb0a30ae,5672.5818
or2.4xlarge.search,94608000,NO_UPFRONT,6855a676-d347-4359-9220-0ea4aa56d7e7,0.0
or2.4xlarge.search,31536000,NO_UPFRONT,a44dc0c4-5f46-4a50-8937-3c0a1e0ed15a,0.0
or2.4xlarge.search,94608000,PARTIAL_UPFRONT,bd5cf181-4989-4269-822d-01b1580c6ab9,12699.81
or2.8xlarge.search,31536000,ALL_UPFRONT,2ac717ee-a6c7-4094-a572-51af26c8a0f9,22013.004
or2.8xlarge.search,94608000,NO_UPFRONT,2e44e017-7e97-457c-89b6-4cf7d4e7c86d,0.0
or2.8xlarge.search,94608000,PARTIAL_UPFRONT,65392dfe-8dec-489a-921d-c2cd665061a7,25399.62
or2.8xlarge.search,31536000,NO_UPFRONT,6a4f18c5-117b-4578-953a-8676b4583bfc,0.0
or2.8xlarge.search,94608000,ALL_UPFRONT,bf37e35e-6143-47f4-b9b9-f21f1720d066,48767.2704
or2.8xlarge.search,31536000,PARTIAL_UPFRONT,eb436af1-01f0-4e58-a33d-bcffb5257eac,11345.1636
or2.large.search,94608000,ALL_UPFRONT,0a4cb53f-782a-41b0-adf8-1a38a3186d0a,3052.6848
or2.large.search,94608000,NO_UPFRONT,1f3a9668-ae22-4f01-8aff-c0faecef725d,0.0
or2.large.search,31536000,NO_UPFRONT,20b120de-f34c-4567-80a8-121255a3587d,0.0
or2.large.search,94608000,PARTIAL_UPFRONT,3bd8d147-1108-4740-b8cc-56ebab4e4f00,1589.94
or2.large.search,31536000,ALL_UPFRONT,6ced205b-b64e-4d87-99dd-aec9d7386ecd,1377.948
or2.large.search,31536000,PARTIAL_UPFRONT,9ff68d6b-9326-4234-8598-56be36249a02,710.1732
or2.medium.search,31536000,ALL_UPFRONT,056ff6a5-57f6-4836-8240-fea94871246b,688.974
or2.medium.search,31536000,NO_UPFRONT,2bbf3898-fb9c-4044-a6d2-76c8cf5d05fe,0.0
or2.medium.search,94608000,NO_UPFRONT,64b5ccd5-341a-4840-b01d-e84768f36226,0.0
or2.medium.search,94608000,ALL_UPFRONT,7ada142d-12a3-4a4a-8f74-880dd71c1869,1526.3424
or2.medium.search,31536000,PARTIAL_UPFRONT,887b1cb5-6c4f-4f89-8df5-df5c6e25eb85,355.0866
or2.medium.search,94608000,PARTIAL_UPFRONT,e22d55a1-0664-4231-bf9d-cd4927ee800e,794.97
or2.xlarge.search,94608000,NO_UPFRONT,17b1f844-d0b3-4f29-94e7-d35a19720cf9,0.0
or2.xlarge.search,31536000,NO_UPFRONT,24f0ddc6-b9db-4213-a6e3-d0f26b9a6a52,0.0
or2.xlarge.search,94608000,ALL_UPFRONT,396c8b2c-6f26-40e1-a207-324f2e5f38e4,6092.7552
or2.xlarge.search,31536000,PARTIAL_UPFRONT,80b6a773-aac7-44e5-b772-93162616d4f7,1417.4118
or2.xlarge.search,94608000,PARTIAL_UPFRONT,aef3b2dc-42d5-4787-a44f-2645b4929415,3173.31
or2.xlarge.search,31536000,ALL_UPFRONT,e452740a-1cc2-46df-96c4-9fcc5bf26602,2750.202
r4.16xlarge.search,94608000,PARTIAL_UPFRONT,22fd9d8f-9ed7-47b7-a1b8-6fd326b6aa83,49636.0
r4.16xlarge.search,31536000,ALL_UPFRONT,499ffbd5-a992-4379-80cd-93a2d4a3332d,43018.0
r4.16xlarge.search,31536000,NO_UPFRONT,68310268-e902-4a1b-8103-0a0d0d343318,0.0
r4.16xlarge.search,94608000,NO_UPFRONT,78aac845-bb9d-434f-9cb5-192830813b24,0.0
r4.16xlarge.search,94608000,ALL_UPFRONT,b58c1da9-1b9f-48f5-ab64-d182b4fbf6bc,95302.0
r4.16xlarge.search,31536000,PARTIAL_UPFRONT,f39afed9-0acf-4c81-8081-da9228cdfb68,22171.0
r4.2xlarge.search,94608000,PARTIAL_UPFRONT,1a46fb9a-02f2-43b3-a98f-6becd39a2ee9,6202.0
r4.2xlarge.search,94608000,NO_UPFRONT,1aa161df-8c26-453e-9d26-e771d54cb87b,0.0
r4.2xlarge.search,31536000,ALL_UPFRONT,50433e44-6437-4fe6-849e-4ea93b94f68b,5375.0
r4.2xlarge.search,31536000,PARTIAL_UPFRONT,bbb06498-de9c-43e5-b448-140fd51cc2e4,2770.0
r4.2xlarge.search,94608000,ALL_UPFRONT,cd4d934e-b1f3-4a68-b947-eb9159615502,11908.0
r4.2xlarge.search,31536000,NO_UPFRONT,e84cd5d9-f165-488e-8c62-821323f777a1,0.0
r4.4xlarge.search,31536000,NO_UPFRONT,2d637f7d-1767-4ef9-ba1b-59c8f1abf960,0.0
r4.4xlarge.search,31536000,ALL_UPFRONT,7d4871d6-e462-47d7-8a0c-c4145f6f9322,10750.0
r4.4xlarge.search,94608000,PARTIAL_UPFRONT,90ebf348-765e-4e40-8fd2-f69ce5d89332,12404.0
r4.4xlarge.search,94608000,NO_UPFRONT,a4c84bbb-403e-4e33-b991-6bcc90c45d88,0.0
r4.4xlarge.search,31536000,PARTIAL_UPFRONT,e4a74cb2-757e-4e5b-96e4-fb87c98f42ce,5541.0
r4.4xlarge.search,94608000,ALL_UPFRONT,ebd6bdc0-c256-49d4-9a9b-a2455adde61d,23816.0
r4.8xlarge.search,31536000,ALL_UPFRONT,031ed1fa-1053-4b23-be20-e815eb43d73d,21506.0
r4.8xlarge.search,31536000,NO_UPFRONT,5d3834ce-f48a-4551-b5f9-4f358e8fc77f,0.0
r4.8xlarge.search,94608000,ALL_UPFRONT,b1102bca-5e30-4181-94b2-076241e46e3d,47645.0
r4.8xlarge.search,94608000,NO_UPFRONT,ba095012-8e23-4e23-ba6a-5f7ca05901f5,0.0
r4.8xlarge.search,31536000,PARTIAL_UPFRONT,e5934a62-432d-4ed8-8be7-a83870f01eb5,11084.0
r4.8xlarge.search,94608000,PARTIAL_UPFRONT,fc745fc1-17af-4dc0-be67-951869a3a6ba,24815.0
r4.large.search,31536000,NO_UPFRONT,08c3753f-6c49-449a-992c-7595827d0dfd,0.0
r4.large.search,31536000,PARTIAL_UPFRONT,3355fc75-dcbc-4bce-91ff-aeb04b089756,693.0
r4.large.search,31536000,ALL_UPFRONT,60a35eae-7686-4fe2-b9d1-621568ad9533,1344.0
r4.large.search,94608000,NO_UPFRONT,774c5521-dbec-41a8-9d4c-57f4ae3f8bf6,0.0
r4.large.search,94608000,ALL_UPFRONT,c18b0623-4ebb-4699-8009-c5bf9b6ea250,2977.0
r4.large.search,94608000,PARTIAL_UPFRONT,d5ca4c5e-2b03-4b6d-87ea-627d58b4d393,1551.0
r4.xlarge.search,94608000,NO_UPFRONT,4c8f7469-6e18-40a3-a74b-f7065a4ef062,0.0
r4.xlarge.search,31536000,PARTIAL_UPFRONT,54c302cb-af28-46b4-9d7c-6b4e35a1b9f4,1385.0
r4.xlarge.search,94608000,ALL_UPFRONT,5a11db92-6b57-4b8f-b4bd-8b6e74cab7de,5954.0
r4.xlarge.search,94608000,PARTIAL_UPFRONT,730f06cd-668c-4906-82d4-d14e3c91b5c4,3101.0
r4.xlarge.search,31536000,ALL_UPFRONT,85983ee4-ecca-4e14-8d9d-b9ea707339ed,2688.0
r4.xlarge.search,31536000,NO_UPFRONT,a896b03a-462a-424d-b855-f27bcc21ec3e,0.0
r5.12xlarge.search,94608000,PARTIAL_UPFRONT,26234bfe-6e85-4086-80ab-109bb734169b,35353.0
r5.12xlarge.search,94608000,NO_UPFRONT,2cbca4d7-2eaa-43af-8bc2-473449ad0b21,0.0
r5.12xlarge.search,31536000,NO_UPFRONT,2d7a715a-448f-4df3-a64b-2af509742c2d,0.0
r5.12xlarge.search,31536000,PARTIAL_UPFRONT,2e3cfd7b-343c-42a2-9e87-b3cfa19b2ecf,15791.0
r5.12xlarge.search,94608000,ALL_UPFRONT,93279d56-e258-4da8-9df2-f2e7b47c3476,67878.0
r5.12xlarge.search,31536000,ALL_UPFRONT,b54a77e5-7efb-4be9-8bcb-f8c99eccd15a,30639.0
r5.2xlarge.search,31536000,ALL_UPFRONT,12bc9a3f-f08a-4981-8ff5-60a8597203ee,5108.0
r5.2xlarge.search,31536000,PARTIAL_UPFRONT,3b07ce2c-cbb2-43db-9995-75e8e6d67c09,2632.0
r5.2xlarge.search,94608000,PARTIAL_UPFRONT,a0e33945-be67-421f-918b-4cf573cb62a2,5893.0
r5.2xlarge.search,94608000,ALL_UPFRONT,de76f937-321e-4850-b838-ca8a18f5f8bf,11315.0
r5.2xlarge.search,31536000,NO_UPFRONT,e5d3b411-c086-407d-87b9-db99ea3db4dc,0.0
r5.2xlarge.search,94608000,NO_UPFRONT,f14d5708-ea6d-468e-a6d0-ab88ccb35517,0.0
r5.4xlarge.search,94608000,ALL_UPFRONT,4819ae6f-fb2e-4bc8-9ef0-841bd863d84c,22630.0
r5.4xlarge.search,94608000,NO_UPFRONT,482053de-0237-45a1-b200-12c84eaf8e59,0.0
r5.4xlarge.search,31536000,PARTIAL_UPFRONT,5c06d353-b7c1-45fc-8ba3-228f29202bee,5265.0
r5.4xlarge.search,94608000,PARTIAL_UPFRONT,6a41f548-0a39-4571-979e-1ab18f4fe9d9,11787.0
r5.4xlarge.search,31536000,ALL_UPFRONT,a3424543-6b82-4b2c-a4a3-1ea25317a4be,10215.0
r5.4xlarge.search,31536000,NO_UPFRONT,bcb5f8e2-6add-4e25-b0c5-768439781da3,0.0
r5.large.search,94608000,PARTIAL_UPFRONT,01022ef5-8986-435c-8598-11c55c3ad7ea,1472.0
r5.large.search,31536000,NO_UPFRONT,2065db1f-840f-49b7-bcc4-ad4cc592f1b3,0.0
r5.large.search,31536000,PARTIAL_UPFRONT,5c27a638-8acb-40d4-9427-23462af7997d,657.0
r5.large.search,94608000,ALL_UPFRONT,5f637995-07a9-426e-9547-e38c7b87de49,2826.0
r5.large.search,31536000,ALL_UPFRONT,9f448a19-a92d-4699-a790-8f012748bd8b,1275.0
r5.large.search,94608000,NO_UPFRONT,c6bb6dab-a5da-471c-9eef-60a07d3d79c0,0.0
r5.xlarge.search,31536000,NO_UPFRONT,006325ce-5966-42b1-b5fd-1ced436bf90c,0.0
r5.xlarge.search,31536000,ALL_UPFRONT,16ab40af-9838-43fd-92c9-b5f9d623f16c,2551.0
r5.xlarge.search,94608000,ALL_UPFRONT,8f519035-781a-430a-9623-5290ed341ff1,5651.0
r5.xlarge.search,94608000,PARTIAL_UPFRONT,b8d201c5-a1e9-45f1-9597-e7e764497a69,2943.0
r5.xlarge.search,31536000,PARTIAL_UPFRONT,d2fd55c4-ddb2-48a3-8aa9-b95b5f3c5065,1315.0
r5.xlarge.search,94608000,NO_UPFRONT,e39674cf-4804-498e-8bd8-b673e1753213,0.0
r6g.12xlarge.search,31536000,NO_UPFRONT,251d0cc4-35c9-4b1c-995e-7b1118a961c5,0.0
r6g.12xlarge.search,94608000,PARTIAL_UPFRONT,7d526e9c-fedd-46cd-8317-37ed6630cd71,31831.65
r6g.12xlarge.search,94608000,ALL_UPFRONT,92166ebc-9b10-47fc-8908-87d1e59b526d,61116.768
r6g.12xlarge.search,94608000,NO_UPFRONT,bf05fd4a-a0ed-42f4-a670-cc60c498d9ea,0.0
r6g.12xlarge.search,31536000,ALL_UPFRONT,df91a944-458a-40a1-9105-aa7a4f8a2d4a,27587.43
r6g.12xlarge.search,31536000,PARTIAL_UPFRONT,edab9989-4beb-4fe0-aa03-51cd90178df9,14218.137
r6g.2xlarge.search,31536000,NO_UPFRONT,21fb23bd-2428-4e6c-ad5b-e82511e3e71d,0.0
r6g.2xlarge.search,31536000,ALL_UPFRONT,66d1a092-15bc-411a-a5f6-20e6e522d45c,4595.058
r6g.2xlarge.search,94608000,PARTIAL_UPFRONT,a7d127df-567c-4b08-8027-6fbcdefd8dff,5301.99
r6g.2xlarge.search,94608000,NO_UPFRONT,da77fb52-ee1d-4baa-ae80-2cb3908a5fd7,0.0
r6g.2xlarge.search,94608000,ALL_UPFRONT,ea68dd7b-3a12-4fa1-8205-3f4a978a95e3,10179.821
r6g.2xlarge.search,31536000,PARTIAL_UPFRONT,f82ec0a0-7f40-4f4c-bd12-c9f49bc1acc8,2368.222
r6g.4xlarge.search,31536000,PARTIAL_UPFRONT,17d5179b-9b40-4a0f-bca0-be389d2f33a1,4739.379
r6g.4xlarge.search,94608000,PARTIAL_UPFRONT,2aef0f1a-875a-4b62-b87a-8bf01fd478c2,10610.55
r6g.4xlarge.search,94608000,NO_UPFRONT,72a19ecd-2e90-44cb-97fd-e0fac72045a4,0.0
r6g.4xlarge.search,31536000,ALL_UPFRONT,adbd96e1-501e-49a5-814b-fc502b09b142,9195.81
r6g.4xlarge.search,31536000,NO_UPFRONT,cd89b26e-c0c7-4b37-92f9-572075d95579,0.0
r6g.4xlarge.search,94608000,ALL_UPFRONT,fee0390d-7672-43c4-bc4b-7664a38cdfcc,20372.256
r6g.8xlarge.search,31536000,NO_UPFRONT,3b22edc7-1d67-4e87-9bae-d6fdb63aa848,0.0
r6g.8xlarge.search,94608000,ALL_UPFRONT,45db1bfa-b9f1-40e3-aecd-6a4fe825dcb6,40744.512
r6g.8xlarge.search,31536000,PARTIAL_UPFRONT,473431eb-401f-4ed7-a191-fc610fbc1366,9478.758
r6g.8xlarge.search,94608000,PARTIAL_UPFRONT,5610dc02-76e7-4bc6-ba55-8ada334bb5ca,21221.1
r6g.8xlarge.search,94608000,NO_UPFRONT,87a839f9-d178-443f-a6b1-46f35baf4c2b,0.0
r6g.8xlarge.search,31536000,ALL_UPFRONT,aab63827-eb89-4278-819a-c461f723394a,18391.62
r6g.large.search,31536000,PARTIAL_UPFRONT,4072cdd1-ef2f-4092-af26-4c723fd1bd21,592.789
r6g.large.search,31536000,ALL_UPFRONT,42c4173b-0e5e-44b3-bc2f-4a2ca57b57aa,1150.188
r6g.large.search,94608000,NO_UPFRONT,6022254a-7557-40d0-bc29-8bdc67f7fd6c,0.0
r6g.large.search,94608000,ALL_UPFRONT,8dfe829b-4721-433e-90c2-7d8819cc06a6,2548.109
r6g.large.search,94608000,PARTIAL_UPFRONT,9a5f6546-57db-4ccb-8dcc-d6c38a95023a,1327.14
r6g.large.search,31536000,NO_UPFRONT,bf5a43d9-ac99-443c-a34b-87e8cc6e6c02,0.0
r6g.xlarge.search,31536000,PARTIAL_UPFRONT,4d167614-6e39-4714-bbd7-f696244893c2,1185.578
r6g.xlarge.search,31536000,ALL_UPFRONT,77bd175c-21c6-4994-b261-6686ac92b2b4,2300.376
r6g.xlarge.search,94608000,NO_UPFRONT,9a3c703b-bcc3-45ec-b2ba-e7c080c8e646,0.0
r6g.xlarge.search,31536000,NO_UPFRONT,9a68852e-32e0-4cee-96f7-0b2682a4e80d,0.0
r6g.xlarge.search,94608000,PARTIAL_UPFRONT,afd83a66-645c-4a37-8865-adc2155d34ae,2654.28
r6g.xlarge.search,94608000,ALL_UPFRONT,fe7f4e52-01b4-4aea-b1df-dc5f76cac38e,5096.218
r6gd.12xlarge.search,31536000,PARTIAL_UPFRONT,1da0511e-bd6f-4843-92ff-9937551139c7,16251.815
r6gd.12xlarge.search,94608000,ALL_UPFRONT,3fa5163e-e2f2-4e40-a36f-7a6046d0e480,69858.547
r6gd.12xlarge.search,31536000,ALL_UPFRONT,b7a025bf-7ee7-4b9d-8c52-542995536df5,31533.372
r6gd.12xlarge.search,31536000,NO_UPFRONT,bed27f63-aaea-46d3-930f-3d06f3941dd8,0.0
r6gd.12xlarge.search,94608000,NO_UPFRONT,e78d75c0-724d-44fe-b182-354fc0dad890,0.0
r6gd.12xlarge.search,94608000,PARTIAL_UPFRONT,f2695377-7cad-4454-badf-578ca07f4116,36384.66
r6gd.16xlarge.search,31536000,PARTIAL_UPFRONT,2100d99a-6fd9-45c6-84bc-eadfe48864c8,21669.086
r6gd.16xlarge.search,31536000,NO_UPFRONT,2398b5a3-a852-421a-980b-e2a281bae711,0.0
r6gd.16xlarge.search,94608000,PARTIAL_UPFRONT,352caca3-7076-423a-a6e5-78ccca19ce42,48512.88
r6gd.16xlarge.search,31536000,ALL_UPFRONT,4c33de5f-2681-4cef-ae46-04d7bff5842a,42044.496
r6gd.16xlarge.search,94608000,ALL_UPFRONT,92447572-859e-4a2e-bcea-df8c9b12b2f0,93144.73
r6gd.16xlarge.search,94608000,NO_UPFRONT,e7af01c7-fb58-43a7-89fb-b968ae353220,0.0
r6gd.2xlarge.search,94608000,ALL_UPFRONT,0eb53fba-4656-4481-b321-73866b835573,11643.091
r6gd.2xlarge.search,31536000,ALL_UPFRONT,27198b88-48d3-4b0d-bfb8-594888678894,5255.562
r6gd.2xlarge.search,94608000,PARTIAL_UPFRONT,7310424c-9c54-4e0a-815a-99437f048493,6064.11
r6gd.2xlarge.search,31536000,NO_UPFRONT,923ca787-e509-42b5-ada0-679be250a0e8,0.0
r6gd.2xlarge.search,94608000,NO_UPFRONT,acf69e52-e885-450e-8ef8-e0c6c42d1189,0.0
r6gd.2xlarge.search,31536000,PARTIAL_UPFRONT,f368c014-994d-4b56-9d4e-0e8f54fbb394,2708.636
r6gd.4xlarge.search,31536000,NO_UPFRONT,6582dfb9-04eb-4591-a89e-d690f1b07c05,0.0
r6gd.4xlarge.search,31536000,PARTIAL_UPFRONT,6a618b09-66b1-47fc-a74e-4eb9954208a3,5417.272
r6gd.4xlarge.search,94608000,PARTIAL_UPFRONT,7e3fb967-552d-4037-8439-ed03bd08c395,12128.22
r6gd.4xlarge.search,31536000,ALL_UPFRONT,9c731741-ac72-41e4-b4bb-edd259b8f2e3,10511.124
r6gd.4xlarge.search,94608000,ALL_UPFRONT,bf937884-ecdb-4ff4-85c0-cd4d972c383f,23286.182
r6gd.4xlarge.search,94608000,NO_UPFRONT,d308c71c-71fd-4867-9fa6-ba39492d21f6,0.0
r6gd.8xlarge.search,94608000,ALL_UPFRONT,14e8e020-2870-4a13-b475-971bdb53a853,46572.365
r6gd.8xlarge.search,31536000,ALL_UPFRONT,41d50fe3-1e2a-4d8d-840b-47859f1fe84a,21022.248
r6gd.8xlarge.search,94608000,PARTIAL_UPFRONT,e47c8fca-dacb-46f0-9fa3-6d282f70900e,24256.44
r6gd.8xlarge.search,31536000,PARTIAL_UPFRONT,e64c739d-5a1f-4e4a-80e3-72c3cddf8af9,10834.543
r6gd.8xlarge.search,31536000,NO_UPFRONT,eea5b89a-5b09-46f3-b2f4-0d49995c4b3a,0.0
r6gd.8xlarge.search,94608000,NO_UPFRONT,f58a1ad3-a971-4d29-9f16-08df431255f5,0.0
r6gd.large.search,94608000,PARTIAL_UPFRONT,0bb5b4ac-ff5a-4885-ab4e-4fed22c23d5c,1517.67
r6gd.large.search,31536000,NO_UPFRONT,1d6c6c37-6583-4151-9087-28af5efc8e12,0.0
r6gd.large.search,94608000,NO_UPFRONT,68633265-962e-4138-93e5-077f0416fb1b,0.0
r6gd.large.search,31536000,PARTIAL_UPFRONT,7c1b308d-67ec-41c7-ae36-b94b12a81a30,677.893
r6gd.large.search,31536000,ALL_UPFRONT,9a87b8e2-91d1-4bf1-8abb-fb781440f7a3,1315.314
r6gd.large.search,94608000,ALL_UPFRONT,9ea4fdb8-8c13-406e-9ecf-ddd7b4f0de80,2913.926
r6gd.xlarge.search,94608000,ALL_UPFRONT,09db37e8-f305-43a9-8495-fcdfdd1ed761,5815.238
r6gd.xlarge.search,94608000,NO_UPFRONT,71b851e6-dfa2-44fd-a0f5-9f3d4d18f96e,0.0
r6gd.xlarge.search,31536000,NO_UPFRONT,c620680e-26f5-4864-954b-3b1be1ea08ba,0.0
r6gd.xlarge.search,94608000,PARTIAL_UPFRONT,d5eceb6e-aa90-443a-a950-1483d60fa093,3028.77
r6gd.xlarge.search,31536000,PARTIAL_UPFRONT,e4234564-9eb4-47ef-b715-7e71fc8909b3,1352.851
r6gd.xlarge.search,31536000,ALL_UPFRONT,e9c3f4cb-9703-4303-a59d-d197abb0b151,2624.934
r7g.12xlarge.search,94608000,PARTIAL_UPFRONT,0a5063da-59c5-45bd-9325-95ceee0af39f,33816.0
r7g.12xlarge.search,31536000,NO_UPFRONT,861040d0-9830-4c29-949b-ef8b63d80c95,0.0
r7g.12xlarge.search,94608000,NO_UPFRONT,96b048d2-75c3-44a6-aaf9-2a7e37960029,0.0
r7g.12xlarge.search,94608000,ALL_UPFRONT,aa229aad-6870-4c99-a5a8-5f1d0e338c88,64926.0
r7g.12xlarge.search,31536000,ALL_UPFRONT,c45e31ad-ef29-4a32-9e6b-e79a9ecbebcf,29307.0
r7g.12xlarge.search,31536000,PARTIAL_UPFRONT,f3207c8a-65d3-4948-a05e-b7bbe815ac16,15104.0
r7g.16xlarge.search,31536000,ALL_UPFRONT,0834dfdd-0c65-4d63-ad92-d113abde59bc,39078.0
r7g.16xlarge.search,94608000,ALL_UPFRONT,400b3599-a74c-4f44-a423-c17e0b34942e,86573.0
r7g.16xlarge.search,94608000,NO_UPFRONT,5fcfc073-0cbc-4496-92b8-3e8de1d29d68,0.0
r7g.16xlarge.search,94608000,PARTIAL_UPFRONT,7a4413b3-1626-475f-9906-be07bcfca232,45090.0
r7g.16xlarge.search,31536000,NO_UPFRONT,8d7965c5-6b41-4b33-b602-3be543195a16,0.0
r7g.16xlarge.search,31536000,PARTIAL_UPFRONT,e6105248-2d71-4099-bf08-33b080220133,20140.0
r7g.2xlarge.search,94608000,ALL_UPFRONT,121bf9fa-a1e5-46b2-968c-4c8ddc3d0671,10823.0
r7g.2xlarge.search,94608000,NO_UPFRONT,8752e2a6-c0e6-44d6-b797-58d6cb425fee,0.0
r7g.2xlarge.search,31536000,PARTIAL_UPFRONT,aa429d4a-daa1-46f0-b9b4-6ed28cddb34e,2518.0
r7g.2xlarge.search,31536000,ALL_UPFRONT,b14d6c78-6fda-4209-97a7-c26d175808c6,4885.0
r7g.2xlarge.search,31536000,NO_UPFRONT,b70d74b4-a9a6-49a9-9b02-28921b5d101a,0.0
r7g.2xlarge.search,94608000,PARTIAL_UPFRONT,f6b01da2-9083-4e66-8ce6-411e412d7993,5637.0
r7g.4xlarge.search,94608000,PARTIAL_UPFRONT,71f2afd9-96c8-4710-a993-f1b746ee4efd,11274.0
r7g.4xlarge.search,31536000,NO_UPFRONT,84923e83-f4c4-491f-b2f5-68577fee501c,0.0
r7g.4xlarge.search,94608000,NO_UPFRONT,8cc25e57-780f-4dfa-8c8c-bdb446d6fce4,0.0
r7g.4xlarge.search,31536000,ALL_UPFRONT,94558344-f2b4-4846-a0f3-6420406d4014,9771.0
r7g.4xlarge.search,31536000,PARTIAL_UPFRONT,a99e8d7e-245c-4401-910d-1b8f38f39550,5036.0
r7g.4xlarge.search,94608000,ALL_UPFRONT,b87e7265-a48d-48b8-b0ab-436e8f0c61ef,21646.0
r7g.8xlarge.search,31536000,PARTIAL_UPFRONT,13df068f-8357-4447-8e60-f746a9b96da4,10072.0
r7g.8xlarge.search,94608000,ALL_UPFRONT,200d2b99-e1c2-4a55-82fd-2162cd793866,43293.0
r7g.8xlarge.search,31536000,NO_UPFRONT,2ca2776b-b1b2-414b-b30d-5c8f8f6afb43,0.0
r7g.8xlarge.search,94608000,NO_UPFRONT,4f3718f7-a52e-4f05-bb49-3464a34613fa,0.0
r7g.8xlarge.search,94608000,PARTIAL_UPFRONT,6985984b-018e-4f93-8093-e53904e23f29,22548.0
r7g.8xlarge.search,31536000,ALL_UPFRONT,a146195e-ec69-44de-b199-c2d7a19745b4,19542.0
r7g.large.search,31536000,ALL_UPFRONT,0a300ddd-7a05-4551-a3ef-cfb6333bd754,1219.0
r7g.large.search,31536000,NO_UPFRONT,203c1674-0201-4ffb-8f7a-8e26d9f6e1b4,0.0
r7g.large.search,94608000,NO_UPFRONT,319a1063-45b6-4674-9fcf-54cfb1fb403d,0.0
r7g.large.search,31536000,PARTIAL_UPFRONT,3364afef-044b-4cd3-b8f5-3ad602d255c4,628.0
r7g.large.search,94608000,PARTIAL_UPFRONT,c76afaa9-14fc-4c16-a615-1090d9a74fb2,1406.0
r7g.large.search,94608000,ALL_UPFRONT,e73eb857-54de-4baa-a930-c4548d2f6fc0,2699.0
r7g.medium.search,94608000,ALL_UPFRONT,07077596-d454-4fbe-afae-e35bb02f74d2,1350.0
r7g.medium.search,31536000,NO_UPFRONT,69fc0254-254e-43f7-8df6-5c184fb95440,0.0
r7g.medium.search,31536000,PARTIAL_UPFRONT,9d6dcd0d-8f9f-4b4e-b469-cfa1b8914afe,314.0
r7g.medium.search,94608000,PARTIAL_UPFRONT,afb81c4c-8dd5-4381-8a83-c24182397793,703.0
r7g.medium.search,31536000,ALL_UPFRONT,c512b528-1007-44ed-8444-ab80b9f54cfa,609.0
r7g.medium.search,94608000,NO_UPFRONT,f53a1f30-c7c8-48ff-b9c9-97627616107e,0.0
r7g.xlarge.search,31536000,NO_UPFRONT,161b5cd4-acac-44a3-8e58-d8997f8320e6,0.0
r7g.xlarge.search,94608000,PARTIAL_UPFRONT,4a70b807-ca0a-4d05-a64c-96bc1efcdb7d,2819.0
r7g.xlarge.search,94608000,ALL_UPFRONT,ab020c74-3a76-4640-b3d6-cfb701b4066f,5412.0
r7g.xlarge.search,94608000,NO_UPFRONT,b4895701-7594-416d-b9a6-2fc927939ef7,0.0
r7g.xlarge.search,31536000,ALL_UPFRONT,cfe70131-bc61-4580-9c55-289de7ce9c57,2443.0
r7g.xlarge.search,31536000,PARTIAL_UPFRONT,fde28631-c08b-469c-8ed9-2b7bfd5eade7,1259.0
r7gd.12xlarge.search,31536000,ALL_UPFRONT,06c4a7f5-56ae-4080-9e5e-8b3de8ca5e99,37301.0
r7gd.12xlarge.search,94608000,NO_UPFRONT,24b04ec9-7e27-4266-822f-43f0d2ca5ba4,0.0
r7gd.12xlarge.search,31536000,NO_UPFRONT,25aa630d-ed27-4448-96ef-ff70d3d9521b,0.0
r7gd.12xlarge.search,31536000,PARTIAL_UPFRONT,7e3129ec-3580-4137-9231-4b780ccf63e4,19225.0
r7gd.12xlarge.search,94608000,PARTIAL_UPFRONT,9285b578-31d1-4036-bc0f-9682f2b368dd,43040.0
r7gd.12xlarge.search,94608000,ALL_UPFRONT,e635f2cf-321b-408d-a97b-7c10d530fae7,82637.0
r7gd.16xlarge.search,94608000,PARTIAL_UPFRONT,6b414399-7e8e-4e22-8530-d95d6d53cd10,57389.0
r7gd.16xlarge.search,31536000,NO_UPFRONT,98bcbc91-686a-4f02-844e-e258c965c695,0.0
r7gd.16xlarge.search,94608000,NO_UPFRONT,99cc00e7-9c1b-4182-b175-c0befaa0d7d8,0.0
r7gd.16xlarge.search,31536000,PARTIAL_UPFRONT,9a52e2b1-9023-4c61-b966-2ce98212f5be,25634.0
r7gd.16xlarge.search,94608000,ALL_UPFRONT,9d247382-ffa5-4a66-a25d-82d106b87ed0,110187.0
r7gd.16xlarge.search,31536000,ALL_UPFRONT,dc1133af-e6f1-47e7-856c-c354bffd5bcf,49737.0
r7gd.2xlarge.search,94608000,PARTIAL_UPFRONT,15dc78e1-c071-4ba4-8d0c-1878fbfcffea,7174.0
r7gd.2xlarge.search,94608000,NO_UPFRONT,1e1c1f75-2f84-4291-b1d5-f00db089f0dc,0.0
r7gd.2xlarge.search,94608000,ALL_UPFRONT,3ae3458f-59ca-4214-a617-4f4ef4082425,13775.0
r7gd.2xlarge.search,31536000,NO_UPFRONT,7bd9a04f-78f5-44c0-ab00-a293e234ff95,0.0
r7gd.2xlarge.search,31536000,PARTIAL_UPFRONT,a35cbc9c-5789-49d9-9c01-d10edce3eb21,3205.0
r7gd.2xlarge.search,31536000,ALL_UPFRONT,b8af645b-35fb-4445-95be-74261f20b3ec,6218.0
r7gd.4xlarge.search,94608000,NO_UPFRONT,085b570e-1aa3-4f5d-98c7-103d8d6f1be8,0.0
r7gd.4xlarge.search,31536000,PARTIAL_UPFRONT,5b503b41-ec14-41a0-b6a8-df3b7ee5a3ce,6409.0
r7gd.4xlarge.search,94608000,ALL_UPFRONT,97641a79-d8c5-49bb-aa6d-fa5d42fcd769,27550.0
r7gd.4xlarge.search,94608000,PARTIAL_UPFRONT,9fb42a2d-c28d-445f-bb61-6c0eeafbbad4,14349.0
r7gd.4xlarge.search,31536000,NO_UPFRONT,cd892ab4-8b2b-463e-9f11-bae42960478e,0.0
r7gd.4xlarge.search,31536000,ALL_UPFRONT,f185ac50-a9c3-48ac-922e-e0a30f53535a,12436.0
r7gd.8xlarge.search,31536000,PARTIAL_UPFRONT,1771fa3c-1806-4fa0-9623-1c54445d84ea,12815.0
r7gd.8xlarge.search,94608000,NO_UPFRONT,2fc71ca4-171b-45bd-82f4-961201262e3c,0.0
r7gd.8xlarge.search,31536000,ALL_UPFRONT,35f65963-2bb2-4ab2-9dac-0c33272ddf5d,24866.0
r7gd.8xlarge.search,94608000,PARTIAL_UPFRONT,5cb3e594-0d7d-4194-9704-3e4cb7dd52a8,28691.0
r7gd.8xlarge.search,31536000,NO_UPFRONT,79540489-ec2e-419f-9b5b-81c47cdb1ea9,0.0
r7gd.8xlarge.search,94608000,ALL_UPFRONT,eb7e45a0-6b86-40ac-8129-437b9094805f,55087.0
r7gd.large.search,94608000,PARTIAL_UPFRONT,7c140ea0-8cbb-4f03-a19b-596a012e78ba,1794.0
r7gd.large.search,31536000,NO_UPFRONT,8369541d-1380-436f-b152-3632c764b9b9,0.0
r7gd.large.search,94608000,ALL_UPFRONT,90ec69b3-191f-4cab-99f0-66b489ede438,3444.0
r7gd.large.search,31536000,ALL_UPFRONT,afbcf3b3-7e12-4e00-96c0-c94102e30aea,1554.0
r7gd.large.search,94608000,NO_UPFRONT,bfe83629-e38c-47d6-8be1-f9245520ae1c,0.0
r7gd.large.search,31536000,PARTIAL_UPFRONT,f468b3a3-5301-4891-8313-d18e8493f707,801.0
r7gd.medium.search,31536000,NO_UPFRONT,4ee21e26-d2dc-4fa5-9bea-bc883450d275,0.0
r7gd.medium.search,94608000,NO_UPFRONT,79ba3ad4-aa3e-4c11-987a-f3db313bf604,0.0
r7gd.medium.search,31536000,PARTIAL_UPFRONT,82702fa4-bd62-423a-a43a-0cb761b3f89f,399.0
r7gd.medium.search,94608000,ALL_UPFRONT,be2d5d2a-2b4e-46aa-b209-457110cda9d8,1716.0
r7gd.medium.search,94608000,PARTIAL_UPFRONT,ecd016d0-bfe1-4a56-b4cb-852a136e1b05,894.0
r7gd.medium.search,31536000,ALL_UPFRONT,f68e1af6-4a27-4c29-a0b8-e065d4ff80c9,774.0
r7gd.xlarge.search,31536000,NO_UPFRONT,54a38cdb-ae81-423c-8d35-b75b7f44d73f,0.0
r7gd.xlarge.search,31536000,PARTIAL_UPFRONT,66c9017f-00d9-4160-9472-71305a0cc16d,1602.0
r7gd.xlarge.search,31536000,ALL_UPFRONT,6b2d3410-33a8-436c-b7f8-314168c12cba,3109.0
r7gd.xlarge.search,94608000,NO_UPFRONT,af07824f-54c8-452a-a28a-2ced7838e82d,0.0
r7gd.xlarge.search,94608000,ALL_UPFRONT,b1c61059-7c86-4261-8295-2312e0708c56,6887.0
r7gd.xlarge.search,94608000,PARTIAL_UPFRONT,cb579bb2-fbf3-4975-aaef-6fa0497bfbe6,3587.0
r7i.12xlarge.search,31536000,PARTIAL_UPFRONT,21fa0df0-f28f-4677-8483-b7e539825b95,17985.156
r7i.12xlarge.search,31536000,ALL_UPFRONT,3312ca26-2461-4b9e-9054-65c1aeb63802,34896.248
r7i.12xlarge.search,94608000,PARTIAL_UPFRONT,35693202-d6fb-4709-b63a-91375ac843a4,40266.216
r7i.12xlarge.search,94608000,NO_UPFRONT,6d2e0bd1-c0a2-4f9e-8a3d-026d782d0441,0.0
r7i.12xlarge.search,94608000,ALL_UPFRONT,cbdf8a36-b5ff-4edb-a12c-7178c83a3f56,77308.612
r7i.12xlarge.search,31536000,NO_UPFRONT,cecbae46-6903-493e-ac6e-312b08a13920,0.0
r7i.16xlarge.search,94608000,NO_UPFRONT,514df04c-fbbf-4109-8c0d-5f4c7f22cb6a,0.0
r7i.16xlarge.search,94608000,ALL_UPFRONT,51dbe487-131c-4a7b-b9e3-93708d226e80,103078.57
r7i.16xlarge.search,31536000,PARTIAL_UPFRONT,58ef191d-ec72-440c-b5dd-2a913868353f,23980.5
r7i.16xlarge.search,94608000,PARTIAL_UPFRONT,71a6d0e1-d093-4433-a054-451d7d21a587,53687.412
r7i.16xlarge.search,31536000,ALL_UPFRONT,a50ec066-f357-4a54-b7c0-003bd5514f64,46528.521
r7i.16xlarge.search,31536000,NO_UPFRONT,ed3828e5-4967-412b-9fba-1abba390e435,0.0
r7i.2xlarge.search,31536000,PARTIAL_UPFRONT,0e41d095-d64b-4cbf-ab6b-e50982591229,2997.672
r7i.2xlarge.search,31536000,NO_UPFRONT,3858035c-211b-44ea-b1a0-2e051d26e8b6,0.0
r7i.2xlarge.search,94608000,NO_UPFRONT,550cc0ca-1c1c-4737-ac43-7ff9eb1c9a1d,0.0
r7i.2xlarge.search,31536000,ALL_UPFRONT,b9da1f8c-17f6-44c3-9d7f-11aa76e8eac2,5815.852
r7i.2xlarge.search,94608000,ALL_UPFRONT,e0e6fac6-24e2-4988-9906-3446545d7314,12884.348
r7i.2xlarge.search,94608000,PARTIAL_UPFRONT,eb04109d-bc8c-4b6b-b3cf-f81b0d0d9ecd,6711.912
r7i.4xlarge.search,94608000,NO_UPFRONT,0f41b779-a4c4-4570-bf6c-05a3fafc2c02,0.0
r7i.4xlarge.search,31536000,NO_UPFRONT,19058c10-a32e-4efc-a741-3083ade96444,0.0
r7i.4xlarge.search,94608000,PARTIAL_UPFRONT,4260e60f-b32a-4d46-8209-6c7290ac80cd,13421.196
r7i.4xlarge.search,31536000,PARTIAL_UPFRONT,6d2faf41-0767-47f6-9db4-063c69acb4f2,5995.344
r7i.4xlarge.search,94608000,ALL_UPFRONT,a5c73f80-215a-4f6a-8f39-62d25d77f6d8,25769.958
r7i.4xlarge.search,31536000,ALL_UPFRONT,dc6672c8-acd7-4a6f-acce-fdd1971d363f,11632.273
r7i.8xlarge.search,31536000,ALL_UPFRONT,0c46fa90-8a82-477b-a500-17024c798b9e,23264.545
r7i.8xlarge.search,31536000,PARTIAL_UPFRONT,a2a87822-e8dd-4eb4-8bff-2512bbeac370,11989.812
r7i.8xlarge.search,94608000,ALL_UPFRONT,addc2190-571e-4321-ad8c-9c04641562ed,51539.916
r7i.8xlarge.search,94608000,PARTIAL_UPFRONT,b3c45b8b-f768-4cf6-bfa0-2129afe781bd,26845.02
r7i.8xlarge.search,31536000,NO_UPFRONT,d3eb771b-009d-4ad4-b177-a0038fcce00f,0.0
r7i.8xlarge.search,94608000,NO_UPFRONT,ea4c6444-0dda-40f7-afc6-0774bcebd375,0.0
r7i.large.search,31536000,NO_UPFRONT,0ed3370b-330e-42ce-b3e2-41233ed171e9,0.0
r7i.large.search,94608000,NO_UPFRONT,3f6f9fc7-fffa-4df7-937e-f92f979e90a9,0.0
r7i.large.search,31536000,PARTIAL_UPFRONT,5850df04-f108-492c-8016-ec3fcc33a06b,749.856
r7i.large.search,94608000,PARTIAL_UPFRONT,720e0861-14ce-41df-b414-bf953deb4857,1679.292
r7i.large.search,94608000,ALL_UPFRONT,ae7c0a84-589b-44fd-ab17-ff853b2aeddd,3221.718
r7i.large.search,31536000,ALL_UPFRONT,cc01af23-9a8e-4789-8e5c-d23d84b2fc6e,1454.248
r7i.xlarge.search,31536000,PARTIAL_UPFRONT,2c008e26-bdc8-4b20-bdf5-d0c47681576f,1498.836
r7i.xlarge.search,94608000,NO_UPFRONT,93897397-0e7f-4815-bc88-781762b3d2f1,0.0
r7i.xlarge.search,31536000,ALL_UPFRONT,964e510b-afe5-4d82-800d-1b85704e2576,2907.926
r7i.xlarge.search,94608000,ALL_UPFRONT,98962260-a5c8-4441-a29f-e75f8bf00a15,6442.174
r7i.xlarge.search,31536000,NO_UPFRONT,cbd07974-3863-41e5-a716-546726a827d9,0.0
r7i.xlarge.search,94608000,PARTIAL_UPFRONT,fdb2c2aa-87db-4b2a-ba60-6587f107aff5,3355.956
t3.medium.search,94608000,PARTIAL_UPFRONT,461525c9-68d2-4986-9ae4-9e3876141086,1030.0
t3.medium.search,94608000,NO_UPFRONT,664e1045-ea5f-4859-8058-97f9c5c16bcb,0.0
t3.medium.search,31536000,PARTIAL_UPFRONT,c2d315fe-4f57-4c15-8514-76faa7ec9152,392.0
t3.medium.search,94608000,ALL_UPFRONT,c7e87c91-c499-4ed3-82e6-f5235171aad9,2001.0
t3.medium.search,31536000,NO_UPFRONT,d6b461bd-5490-4989-a653-25cffd517551,0.0
t3.medium.search,31536000,ALL_UPFRONT,fdf20d2c-35cf-4a8e-8db2-cc893228b207,765.0
